image_path,emotion
514.jpg,neutral
4785.jpg,sad
3971.jpg,happy
4087.jpg,sad
601.jpg,surprise
3999.jpg,neutral
860.jpg,disgust
835.jpg,neutral
329.jpg,surprise
3139.jpg,neutral
2560.jpg,neutral
2258.jpg,sad
2286.jpg,sad
2146.jpg,fear
1198.jpg,sad
3197.jpg,anger
1879.jpg,surprise
752.jpg,neutral
816.jpg,happy
4799.jpg,neutral
3540.jpg,anger
3778.jpg,happy
1718.jpg,contempt
69.jpg,anger
727.jpg,contempt
2337.jpg,neutral
4488.jpg,happy
3811.jpg,neutral
3085.jpg,disgust
1715.jpg,anger
1122.jpg,surprise
4315.jpg,happy
2057.jpg,surprise
4151.jpg,neutral
2924.jpg,anger
3572.jpg,surprise
3974.jpg,anger
492.jpg,happy
1638.jpg,neutral
670.jpg,disgust
2347.jpg,disgust
1229.jpg,anger
3764.jpg,surprise
4210.jpg,anger
668.jpg,neutral
488.jpg,anger
323.jpg,anger
1974.jpg,contempt
13.jpg,neutral
1797.jpg,happy
3741.jpg,neutral
42.jpg,anger
3402.jpg,uncertain
16.jpg,neutral
1498.jpg,happy
4709.jpg,contempt
3595.jpg,happy
2611.jpg,happy
3580.jpg,contempt
1645.jpg,contempt
593.jpg,happy
1111.jpg,disgust
1206.jpg,sad
3604.jpg,sad
4356.jpg,sad
4680.jpg,disgust
2623.jpg,sad
3034.jpg,neutral
2895.jpg,sad
4365.jpg,happy
2663.jpg,anger
855.jpg,sad
4357.jpg,neutral
795.jpg,happy
2936.jpg,neutral
3120.jpg,happy
2252.jpg,contempt
2583.jpg,anger
2939.jpg,neutral
874.jpg,sad
1946.jpg,neutral
4677.jpg,happy
2846.jpg,neutral
1818.jpg,happy
3043.jpg,disgust
4391.jpg,disgust
2486.jpg,happy
2021.jpg,surprise
3096.jpg,happy
1477.jpg,happy
4554.jpg,disgust
3038.jpg,happy
3242.jpg,happy
1141.jpg,neutral
2474.jpg,sad
2821.jpg,sad
3354.jpg,sad
4275.jpg,happy
1757.jpg,happy
4887.jpg,anger
943.jpg,sad
1264.jpg,happy
3469.jpg,anger
1812.jpg,anger
1582.jpg,surprise
3420.jpg,fear
2041.jpg,surprise
3712.jpg,surprise
1763.jpg,happy
538.jpg,neutral
2131.jpg,happy
4666.jpg,neutral
553.jpg,happy
4140.jpg,contempt
1042.jpg,anger
2972.jpg,sad
3026.jpg,neutral
3116.jpg,anger
3422.jpg,disgust
352.jpg,neutral
3658.jpg,sad
2796.jpg,anger
4283.jpg,neutral
19.jpg,disgust
4518.jpg,neutral
3486.jpg,happy
1369.jpg,disgust
1915.jpg,happy
1296.jpg,anger
4420.jpg,disgust
1070.jpg,contempt
2359.jpg,neutral
200.jpg,surprise
3840.jpg,fear
1076.jpg,sad
3891.jpg,happy
3801.jpg,neutral
4668.jpg,neutral
3474.jpg,sad
1819.jpg,sad
2305.jpg,happy
927.jpg,surprise
317.jpg,sad
1363.jpg,neutral
4334.jpg,sad
1051.jpg,fear
4343.jpg,uncertain
2310.jpg,surprise
4759.jpg,sad
3662.jpg,anger
2704.jpg,contempt
228.jpg,neutral
4105.jpg,sad
2976.jpg,contempt
4555.jpg,anger
479.jpg,anger
3160.jpg,disgust
298.jpg,uncertain
4841.jpg,neutral
4856.jpg,neutral
1771.jpg,neutral
2841.jpg,happy
3216.jpg,sad
1777.jpg,uncertain
2793.jpg,anger
4078.jpg,neutral
1931.jpg,sad
4729.jpg,happy
3906.jpg,disgust
3892.jpg,neutral
1569.jpg,happy
3053.jpg,neutral
546.jpg,contempt
1598.jpg,happy
3285.jpg,sad
481.jpg,surprise
4579.jpg,surprise
1002.jpg,contempt
1576.jpg,anger
1385.jpg,happy
2566.jpg,disgust
1355.jpg,neutral
4791.jpg,disgust
4145.jpg,neutral
3738.jpg,disgust
2733.jpg,surprise
4733.jpg,happy
2358.jpg,neutral
3189.jpg,anger
483.jpg,sad
4411.jpg,contempt
3717.jpg,neutral
4530.jpg,neutral
3552.jpg,neutral
1151.jpg,contempt
2053.jpg,neutral
2578.jpg,fear
1490.jpg,neutral
1397.jpg,neutral
674.jpg,happy
2411.jpg,happy
3798.jpg,surprise
1541.jpg,anger
935.jpg,sad
3207.jpg,contempt
4889.jpg,happy
4602.jpg,neutral
2383.jpg,anger
1285.jpg,neutral
4920.jpg,anger
2873.jpg,anger
2478.jpg,sad
3860.jpg,neutral
2691.jpg,anger
1082.jpg,anger
4336.jpg,uncertain
782.jpg,neutral
2185.jpg,surprise
4909.jpg,disgust
2527.jpg,happy
584.jpg,disgust
3683.jpg,neutral
4713.jpg,happy
4556.jpg,neutral
4631.jpg,neutral
3632.jpg,anger
3498.jpg,neutral
1312.jpg,uncertain
4371.jpg,surprise
1501.jpg,happy
916.jpg,neutral
204.jpg,disgust
3564.jpg,uncertain
4333.jpg,anger
4455.jpg,neutral
164.jpg,contempt
393.jpg,anger
1692.jpg,happy
3907.jpg,anger
3939.jpg,happy
151.jpg,uncertain
4076.jpg,sad
2209.jpg,sad
657.jpg,fear
2551.jpg,neutral
945.jpg,surprise
3018.jpg,sad
3727.jpg,neutral
913.jpg,happy
4248.jpg,anger
1065.jpg,anger
2005.jpg,contempt
884.jpg,anger
4261.jpg,happy
3167.jpg,contempt
3214.jpg,sad
3117.jpg,happy
1644.jpg,disgust
766.jpg,anger
897.jpg,neutral
1695.jpg,fear
4775.jpg,neutral
3723.jpg,surprise
760.jpg,neutral
4910.jpg,surprise
3011.jpg,disgust
4625.jpg,disgust
1185.jpg,neutral
1975.jpg,anger
3467.jpg,neutral
3483.jpg,neutral
2638.jpg,sad
474.jpg,disgust
1204.jpg,sad
2706.jpg,neutral
1538.jpg,anger
578.jpg,sad
2662.jpg,happy
4818.jpg,happy
2510.jpg,happy
912.jpg,happy
2150.jpg,happy
1017.jpg,happy
2642.jpg,neutral
422.jpg,happy
2963.jpg,sad
460.jpg,sad
1478.jpg,surprise
3852.jpg,fear
4212.jpg,disgust
4477.jpg,neutral
1613.jpg,happy
2300.jpg,surprise
4409.jpg,happy
4066.jpg,sad
3435.jpg,contempt
3251.jpg,happy
4784.jpg,neutral
2899.jpg,fear
2405.jpg,sad
293.jpg,happy
4771.jpg,anger
1447.jpg,neutral
1179.jpg,happy
3492.jpg,surprise
2396.jpg,disgust
4185.jpg,disgust
1278.jpg,neutral
4361.jpg,happy
2218.jpg,surprise
3022.jpg,neutral
3611.jpg,neutral
1019.jpg,surprise
1150.jpg,disgust
2829.jpg,anger
182.jpg,happy
513.jpg,neutral
1551.jpg,neutral
4413.jpg,uncertain
1279.jpg,surprise
1450.jpg,surprise
632.jpg,neutral
3579.jpg,contempt
3269.jpg,sad
3078.jpg,uncertain
4719.jpg,anger
1494.jpg,anger
1711.jpg,neutral
4822.jpg,disgust
3880.jpg,neutral
4308.jpg,anger
2967.jpg,anger
758.jpg,fear
3428.jpg,anger
2176.jpg,sad
4826.jpg,anger
2469.jpg,sad
4294.jpg,happy
2836.jpg,neutral
1992.jpg,sad
1468.jpg,anger
4852.jpg,uncertain
4647.jpg,contempt
3462.jpg,uncertain
3990.jpg,contempt
2864.jpg,neutral
871.jpg,anger
2480.jpg,sad
4649.jpg,uncertain
1914.jpg,neutral
3997.jpg,neutral
1607.jpg,uncertain
612.jpg,fear
3272.jpg,anger
2543.jpg,happy
1597.jpg,contempt
416.jpg,anger
1452.jpg,disgust
247.jpg,neutral
4836.jpg,anger
4661.jpg,surprise
372.jpg,disgust
3060.jpg,surprise
1417.jpg,sad
3714.jpg,sad
210.jpg,anger
2263.jpg,contempt
1929.jpg,anger
4837.jpg,happy
3762.jpg,neutral
1632.jpg,neutral
717.jpg,anger
3445.jpg,anger
643.jpg,happy
4320.jpg,anger
2330.jpg,neutral
3550.jpg,neutral
1445.jpg,sad
877.jpg,contempt
395.jpg,neutral
2287.jpg,anger
167.jpg,fear
1211.jpg,fear
2685.jpg,sad
993.jpg,happy
1574.jpg,neutral
4338.jpg,sad
1331.jpg,sad
1694.jpg,neutral
4595.jpg,uncertain
2409.jpg,contempt
4239.jpg,anger
159.jpg,anger
4769.jpg,fear
1193.jpg,neutral
3334.jpg,uncertain
438.jpg,anger
1594.jpg,surprise
4600.jpg,neutral
2495.jpg,happy
634.jpg,happy
2072.jpg,contempt
1896.jpg,neutral
1971.jpg,neutral
719.jpg,contempt
3940.jpg,contempt
3655.jpg,surprise
2715.jpg,surprise
66.jpg,anger
3594.jpg,happy
3722.jpg,uncertain
1647.jpg,surprise
4884.jpg,anger
2833.jpg,surprise
4121.jpg,contempt
2651.jpg,anger
3602.jpg,anger
2385.jpg,contempt
4848.jpg,happy
2710.jpg,sad
4323.jpg,fear
3070.jpg,surprise
4070.jpg,sad
291.jpg,disgust
2365.jpg,contempt
4451.jpg,disgust
1133.jpg,anger
1539.jpg,neutral
1048.jpg,contempt
2857.jpg,fear
2790.jpg,disgust
2237.jpg,disgust
4694.jpg,sad
2371.jpg,disgust
3534.jpg,sad
150.jpg,surprise
4462.jpg,contempt
1549.jpg,uncertain
3624.jpg,neutral
2603.jpg,surprise
524.jpg,happy
3150.jpg,fear
2982.jpg,anger
1518.jpg,contempt
1964.jpg,anger
3205.jpg,neutral
1147.jpg,neutral
3353.jpg,surprise
2013.jpg,sad
3122.jpg,fear
870.jpg,happy
1565.jpg,happy
389.jpg,neutral
192.jpg,neutral
4932.jpg,uncertain
2200.jpg,surprise
1678.jpg,happy
162.jpg,contempt
623.jpg,neutral
2722.jpg,neutral
4028.jpg,happy
4081.jpg,surprise
3831.jpg,neutral
1460.jpg,neutral
2933.jpg,neutral
1545.jpg,happy
3264.jpg,contempt
3866.jpg,fear
3003.jpg,surprise
885.jpg,fear
3646.jpg,happy
312.jpg,happy
437.jpg,neutral
644.jpg,sad
3213.jpg,sad
3280.jpg,fear
1267.jpg,contempt
4859.jpg,neutral
4667.jpg,anger
3162.jpg,neutral
4055.jpg,neutral
2563.jpg,happy
1399.jpg,happy
3413.jpg,disgust
2301.jpg,happy
2457.jpg,anger
1765.jpg,fear
1663.jpg,happy
3054.jpg,disgust
1996.jpg,sad
2614.jpg,disgust
2448.jpg,anger
1161.jpg,sad
0.jpg,sad
4860.jpg,happy
478.jpg,neutral
1701.jpg,sad
1086.jpg,anger
259.jpg,anger
3682.jpg,anger
974.jpg,neutral
292.jpg,happy
1256.jpg,surprise
3869.jpg,uncertain
1167.jpg,surprise
1334.jpg,neutral
1028.jpg,happy
1675.jpg,sad
319.jpg,sad
2289.jpg,happy
4023.jpg,sad
504.jpg,fear
243.jpg,surprise
2938.jpg,neutral
3603.jpg,surprise
3033.jpg,happy
694.jpg,contempt
663.jpg,anger
1555.jpg,uncertain
4063.jpg,anger
3818.jpg,sad
286.jpg,happy
2588.jpg,disgust
3645.jpg,happy
3951.jpg,disgust
1543.jpg,happy
2720.jpg,sad
2562.jpg,surprise
3978.jpg,neutral
249.jpg,neutral
3740.jpg,disgust
2037.jpg,fear
4618.jpg,disgust
2408.jpg,neutral
2452.jpg,anger
2751.jpg,disgust
4050.jpg,happy
4401.jpg,happy
4849.jpg,neutral
2003.jpg,contempt
1867.jpg,anger
277.jpg,neutral
3546.jpg,anger
4607.jpg,happy
4169.jpg,contempt
1978.jpg,happy
4148.jpg,anger
1717.jpg,sad
1075.jpg,happy
728.jpg,neutral
3355.jpg,neutral
2022.jpg,neutral
2008.jpg,happy
362.jpg,sad
4632.jpg,happy
3143.jpg,disgust
1368.jpg,contempt
2403.jpg,anger
1390.jpg,fear
2683.jpg,sad
3236.jpg,contempt
206.jpg,contempt
1704.jpg,neutral
2160.jpg,happy
979.jpg,sad
2532.jpg,uncertain
1163.jpg,neutral
2366.jpg,disgust
3745.jpg,sad
844.jpg,anger
4761.jpg,sad
3222.jpg,surprise
2341.jpg,neutral
1354.jpg,neutral
2820.jpg,happy
560.jpg,surprise
3099.jpg,contempt
3512.jpg,sad
822.jpg,neutral
1463.jpg,happy
252.jpg,sad
4788.jpg,anger
2217.jpg,surprise
1482.jpg,happy
1457.jpg,neutral
704.jpg,happy
1892.jpg,neutral
645.jpg,neutral
405.jpg,happy
4206.jpg,uncertain
4257.jpg,neutral
3398.jpg,anger
3325.jpg,disgust
3332.jpg,neutral
3490.jpg,surprise
1010.jpg,fear
2797.jpg,disgust
4590.jpg,uncertain
1561.jpg,anger
1898.jpg,neutral
4293.jpg,disgust
2477.jpg,sad
972.jpg,neutral
2421.jpg,happy
2668.jpg,anger
4329.jpg,contempt
1072.jpg,surprise
3516.jpg,contempt
1101.jpg,happy
4271.jpg,uncertain
4126.jpg,surprise
1776.jpg,disgust
3458.jpg,sad
3613.jpg,fear
1559.jpg,uncertain
4578.jpg,contempt
4537.jpg,neutral
4289.jpg,fear
2464.jpg,anger
1830.jpg,neutral
1735.jpg,neutral
4888.jpg,anger
4165.jpg,uncertain
1532.jpg,anger
2308.jpg,anger
2699.jpg,anger
3133.jpg,uncertain
2649.jpg,happy
3448.jpg,surprise
4842.jpg,sad
1722.jpg,fear
4426.jpg,neutral
3088.jpg,neutral
3283.jpg,neutral
3350.jpg,neutral
40.jpg,sad
2322.jpg,happy
2983.jpg,anger
817.jpg,sad
101.jpg,sad
251.jpg,neutral
1605.jpg,contempt
3839.jpg,happy
922.jpg,sad
3478.jpg,sad
3119.jpg,surprise
260.jpg,fear
3967.jpg,surprise
1039.jpg,contempt
3814.jpg,contempt
4538.jpg,disgust
2577.jpg,neutral
4049.jpg,uncertain
396.jpg,fear
635.jpg,contempt
2392.jpg,contempt
3343.jpg,neutral
3275.jpg,surprise
661.jpg,neutral
1899.jpg,sad
2844.jpg,surprise
1600.jpg,surprise
4056.jpg,uncertain
4568.jpg,neutral
2192.jpg,fear
435.jpg,neutral
1488.jpg,neutral
4016.jpg,neutral
984.jpg,neutral
1505.jpg,disgust
3563.jpg,anger
756.jpg,happy
985.jpg,uncertain
4526.jpg,sad
1682.jpg,disgust
2897.jpg,contempt
2114.jpg,disgust
2765.jpg,neutral
2216.jpg,surprise
4299.jpg,surprise
3360.jpg,sad
910.jpg,anger
1440.jpg,fear
604.jpg,fear
1742.jpg,neutral
3786.jpg,sad
3617.jpg,neutral
1851.jpg,anger
3434.jpg,sad
1199.jpg,neutral
868.jpg,sad
2194.jpg,surprise
2061.jpg,neutral
531.jpg,disgust
2238.jpg,anger
1374.jpg,contempt
2908.jpg,neutral
838.jpg,neutral
2143.jpg,sad
3215.jpg,neutral
4125.jpg,uncertain
865.jpg,happy
453.jpg,surprise
3192.jpg,happy
3238.jpg,surprise
2434.jpg,contempt
2173.jpg,happy
4697.jpg,surprise
1991.jpg,surprise
3622.jpg,contempt
4571.jpg,fear
736.jpg,anger
2378.jpg,happy
3106.jpg,disgust
4727.jpg,anger
1530.jpg,happy
1537.jpg,anger
297.jpg,neutral
4144.jpg,contempt
238.jpg,neutral
1643.jpg,contempt
1007.jpg,happy
3813.jpg,happy
1748.jpg,surprise
2135.jpg,neutral
4306.jpg,sad
956.jpg,sad
2017.jpg,neutral
3565.jpg,disgust
132.jpg,happy
2554.jpg,happy
2514.jpg,contempt
4000.jpg,surprise
1603.jpg,anger
2276.jpg,neutral
1693.jpg,sad
1943.jpg,neutral
3433.jpg,disgust
564.jpg,contempt
3164.jpg,neutral
4539.jpg,disgust
1014.jpg,happy
425.jpg,uncertain
1431.jpg,disgust
1700.jpg,happy
673.jpg,neutral
1724.jpg,happy
2127.jpg,anger
4153.jpg,uncertain
4189.jpg,happy
627.jpg,disgust
3412.jpg,happy
2871.jpg,sad
1553.jpg,anger
4347.jpg,surprise
2962.jpg,sad
100.jpg,sad
4701.jpg,surprise
1999.jpg,sad
1364.jpg,sad
237.jpg,anger
3591.jpg,uncertain
3177.jpg,anger
3606.jpg,surprise
4742.jpg,happy
3560.jpg,neutral
3287.jpg,fear
1361.jpg,neutral
2291.jpg,sad
798.jpg,happy
3248.jpg,anger
2759.jpg,anger
2297.jpg,neutral
4417.jpg,anger
2885.jpg,disgust
544.jpg,surprise
2384.jpg,neutral
3279.jpg,contempt
455.jpg,anger
4696.jpg,contempt
1767.jpg,surprise
4634.jpg,neutral
2225.jpg,anger
4935.jpg,surprise
2731.jpg,anger
2689.jpg,neutral
117.jpg,happy
2.jpg,sad
1155.jpg,disgust
3821.jpg,surprise
4703.jpg,anger
836.jpg,neutral
2711.jpg,anger
4332.jpg,happy
4626.jpg,happy
120.jpg,contempt
881.jpg,neutral
4123.jpg,happy
1826.jpg,anger
1489.jpg,sad
4318.jpg,neutral
4001.jpg,sad
4379.jpg,disgust
4723.jpg,neutral
750.jpg,happy
651.jpg,sad
2646.jpg,neutral
3549.jpg,happy
1284.jpg,anger
1876.jpg,neutral
102.jpg,happy
2414.jpg,sad
3344.jpg,surprise
4177.jpg,sad
959.jpg,neutral
1986.jpg,neutral
2954.jpg,sad
889.jpg,anger
1066.jpg,happy
4305.jpg,anger
720.jpg,surprise
428.jpg,happy
630.jpg,disgust
2268.jpg,happy
906.jpg,neutral
1424.jpg,neutral
2986.jpg,sad
4342.jpg,happy
4604.jpg,sad
3653.jpg,fear
1351.jpg,anger
2089.jpg,happy
4316.jpg,uncertain
1960.jpg,surprise
2393.jpg,neutral
3829.jpg,happy
1436.jpg,happy
810.jpg,neutral
386.jpg,sad
2000.jpg,surprise
3373.jpg,neutral
1102.jpg,fear
1004.jpg,neutral
4516.jpg,happy
2818.jpg,fear
1015.jpg,happy
2505.jpg,anger
1570.jpg,neutral
2502.jpg,neutral
3012.jpg,fear
797.jpg,sad
3246.jpg,happy
4900.jpg,sad
535.jpg,sad
231.jpg,sad
961.jpg,uncertain
2861.jpg,neutral
1191.jpg,neutral
1120.jpg,anger
4945.jpg,fear
178.jpg,contempt
3095.jpg,neutral
3340.jpg,disgust
369.jpg,uncertain
2826.jpg,disgust
998.jpg,neutral
4419.jpg,happy
3291.jpg,neutral
1127.jpg,surprise
2955.jpg,anger
4608.jpg,sad
2730.jpg,sad
4059.jpg,anger
4478.jpg,sad
4014.jpg,sad
3902.jpg,neutral
2589.jpg,fear
4179.jpg,happy
2631.jpg,neutral
589.jpg,uncertain
1386.jpg,happy
2988.jpg,contempt
3315.jpg,sad
4396.jpg,neutral
4220.jpg,sad
3031.jpg,uncertain
4529.jpg,fear
1911.jpg,neutral
3918.jpg,neutral
3368.jpg,sad
802.jpg,happy
3452.jpg,happy
4918.jpg,happy
155.jpg,anger
270.jpg,neutral
2737.jpg,surprise
1671.jpg,happy
4132.jpg,contempt
626.jpg,anger
3533.jpg,anger
4480.jpg,sad
1403.jpg,neutral
3289.jpg,neutral
691.jpg,anger
4992.jpg,neutral
4648.jpg,contempt
3522.jpg,contempt
4786.jpg,happy
1642.jpg,contempt
2503.jpg,surprise
4964.jpg,surprise
3105.jpg,happy
3935.jpg,uncertain
4327.jpg,happy
1866.jpg,happy
214.jpg,surprise
3794.jpg,sad
3750.jpg,surprise
1871.jpg,uncertain
4330.jpg,neutral
4222.jpg,anger
4482.jpg,surprise
3713.jpg,anger
335.jpg,neutral
4614.jpg,disgust
3388.jpg,happy
4617.jpg,sad
1864.jpg,fear
1710.jpg,disgust
3823.jpg,anger
1216.jpg,disgust
2107.jpg,surprise
2835.jpg,fear
3663.jpg,sad
3765.jpg,fear
3414.jpg,sad
4264.jpg,disgust
1444.jpg,happy
3131.jpg,surprise
2165.jpg,contempt
2878.jpg,anger
2484.jpg,anger
2778.jpg,anger
2910.jpg,neutral
1145.jpg,neutral
491.jpg,fear
3035.jpg,happy
980.jpg,contempt
112.jpg,surprise
1829.jpg,anger
64.jpg,anger
624.jpg,happy
3206.jpg,surprise
1339.jpg,sad
4952.jpg,sad
1089.jpg,contempt
2386.jpg,anger
3797.jpg,sad
505.jpg,contempt
1780.jpg,neutral
146.jpg,neutral
2234.jpg,surprise
4591.jpg,anger
1012.jpg,sad
2204.jpg,contempt
2867.jpg,uncertain
1309.jpg,contempt
1474.jpg,sad
2011.jpg,happy
4082.jpg,neutral
1920.jpg,contempt
190.jpg,anger
3863.jpg,anger
3530.jpg,anger
4975.jpg,contempt
1110.jpg,happy
464.jpg,uncertain
831.jpg,contempt
22.jpg,anger
1437.jpg,fear
1230.jpg,anger
3924.jpg,neutral
1275.jpg,neutral
4821.jpg,neutral
4504.jpg,neutral
3656.jpg,neutral
1432.jpg,happy
4550.jpg,fear
3426.jpg,happy
4265.jpg,fear
470.jpg,happy
2569.jpg,anger
1372.jpg,neutral
4536.jpg,sad
4682.jpg,neutral
501.jpg,sad
2605.jpg,neutral
928.jpg,happy
2256.jpg,sad
407.jpg,contempt
3861.jpg,happy
2398.jpg,happy
2539.jpg,surprise
2755.jpg,uncertain
4830.jpg,sad
965.jpg,sad
3244.jpg,neutral
2756.jpg,sad
2702.jpg,sad
3386.jpg,happy
3942.jpg,contempt
517.jpg,anger
4519.jpg,happy
1930.jpg,sad
1956.jpg,disgust
4142.jpg,happy
4977.jpg,happy
2652.jpg,happy
558.jpg,neutral
3254.jpg,neutral
115.jpg,neutral
4738.jpg,uncertain
3853.jpg,neutral
2043.jpg,neutral
3306.jpg,neutral
2076.jpg,surprise
2244.jpg,happy
3937.jpg,anger
2447.jpg,neutral
3406.jpg,anger
3910.jpg,happy
3901.jpg,happy
4642.jpg,disgust
2284.jpg,anger
1021.jpg,neutral
642.jpg,neutral
1221.jpg,neutral
4993.jpg,sad
1006.jpg,sad
484.jpg,surprise
532.jpg,anger
1712.jpg,neutral
3145.jpg,sad
1134.jpg,surprise
2550.jpg,sad
1696.jpg,happy
1563.jpg,contempt
3960.jpg,anger
1902.jpg,neutral
2607.jpg,sad
2815.jpg,contempt
2423.jpg,surprise
360.jpg,anger
49.jpg,neutral
3456.jpg,happy
1854.jpg,sad
3760.jpg,disgust
4954.jpg,neutral
2971.jpg,happy
2531.jpg,disgust
4531.jpg,sad
3496.jpg,happy
4074.jpg,happy
1205.jpg,happy
1243.jpg,anger
3878.jpg,sad
2125.jpg,neutral
2459.jpg,contempt
1379.jpg,surprise
2266.jpg,happy
983.jpg,neutral
1257.jpg,contempt
1018.jpg,sad
4984.jpg,neutral
4907.jpg,contempt
3570.jpg,uncertain
4767.jpg,happy
339.jpg,uncertain
3157.jpg,happy
3877.jpg,surprise
4367.jpg,neutral
2212.jpg,anger
3223.jpg,surprise
2697.jpg,neutral
2654.jpg,surprise
3607.jpg,neutral
3346.jpg,uncertain
4092.jpg,disgust
2402.jpg,happy
1137.jpg,happy
2401.jpg,disgust
2791.jpg,surprise
4485.jpg,fear
3400.jpg,neutral
821.jpg,neutral
946.jpg,contempt
1618.jpg,anger
4630.jpg,fear
4241.jpg,neutral
2306.jpg,anger
3845.jpg,fear
2666.jpg,surprise
3046.jpg,neutral
1772.jpg,neutral
2482.jpg,sad
2270.jpg,fear
4038.jpg,neutral
2941.jpg,neutral
4813.jpg,contempt
2487.jpg,sad
1611.jpg,happy
379.jpg,surprise
1228.jpg,sad
1839.jpg,disgust
3037.jpg,disgust
2360.jpg,anger
4284.jpg,happy
1461.jpg,happy
775.jpg,sad
1499.jpg,happy
4658.jpg,neutral
2309.jpg,surprise
3790.jpg,neutral
1260.jpg,disgust
3868.jpg,contempt
672.jpg,anger
902.jpg,neutral
4130.jpg,happy
1863.jpg,surprise
1269.jpg,anger
4296.jpg,disgust
2002.jpg,anger
1020.jpg,neutral
3804.jpg,sad
3838.jpg,contempt
3466.jpg,disgust
268.jpg,neutral
1790.jpg,contempt
1190.jpg,contempt
224.jpg,fear
4725.jpg,disgust
2788.jpg,anger
4960.jpg,anger
462.jpg,neutral
1579.jpg,anger
4989.jpg,neutral
552.jpg,disgust
4389.jpg,anger
4058.jpg,happy
1787.jpg,sad
1880.jpg,disgust
4674.jpg,neutral
1725.jpg,sad
1061.jpg,neutral
4010.jpg,contempt
4603.jpg,neutral
942.jpg,anger
4792.jpg,neutral
142.jpg,surprise
336.jpg,contempt
4493.jpg,fear
1189.jpg,uncertain
1341.jpg,happy
2004.jpg,disgust
3109.jpg,contempt
4683.jpg,neutral
2210.jpg,uncertain
2674.jpg,anger
1095.jpg,anger
3473.jpg,happy
3451.jpg,sad
1784.jpg,happy
4127.jpg,surprise
781.jpg,happy
70.jpg,happy
1366.jpg,neutral
2063.jpg,neutral
3233.jpg,disgust
148.jpg,uncertain
3450.jpg,surprise
1706.jpg,contempt
1196.jpg,anger
1117.jpg,fear
832.jpg,anger
4943.jpg,neutral
1181.jpg,happy
2319.jpg,sad
1602.jpg,anger
4893.jpg,contempt
751.jpg,anger
2641.jpg,anger
1672.jpg,sad
1409.jpg,surprise
1254.jpg,sad
2869.jpg,sad
2991.jpg,anger
4835.jpg,happy
4243.jpg,neutral
830.jpg,neutral
3454.jpg,disgust
4231.jpg,contempt
1345.jpg,surprise
4815.jpg,anger
205.jpg,happy
172.jpg,surprise
2315.jpg,sad
1455.jpg,anger
2415.jpg,disgust
622.jpg,disgust
4044.jpg,anger
4543.jpg,sad
44.jpg,contempt
1981.jpg,happy
1419.jpg,anger
4923.jpg,surprise
4393.jpg,anger
2320.jpg,happy
4149.jpg,contempt
3847.jpg,happy
1250.jpg,neutral
2705.jpg,surprise
4052.jpg,uncertain
451.jpg,sad
4355.jpg,anger
1138.jpg,sad
559.jpg,sad
2227.jpg,happy
1947.jpg,contempt
4388.jpg,fear
4867.jpg,uncertain
1187.jpg,uncertain
2321.jpg,happy
2262.jpg,uncertain
3028.jpg,anger
1314.jpg,contempt
890.jpg,sad
90.jpg,contempt
1691.jpg,sad
2817.jpg,contempt
459.jpg,uncertain
476.jpg,sad
1302.jpg,neutral
2681.jpg,sad
3783.jpg,sad
1514.jpg,disgust
648.jpg,happy
3799.jpg,anger
4031.jpg,fear
4443.jpg,sad
973.jpg,disgust
4754.jpg,surprise
4187.jpg,contempt
3298.jpg,neutral
3567.jpg,surprise
1970.jpg,sad
1686.jpg,disgust
2174.jpg,surprise
1495.jpg,anger
2145.jpg,fear
3333.jpg,neutral
2450.jpg,surprise
3097.jpg,neutral
714.jpg,anger
3792.jpg,neutral
3183.jpg,contempt
1962.jpg,disgust
4098.jpg,contempt
3312.jpg,neutral
4534.jpg,happy
1487.jpg,neutral
2436.jpg,happy
2214.jpg,neutral
2501.jpg,happy
583.jpg,sad
3637.jpg,surprise
2067.jpg,sad
4829.jpg,neutral
3917.jpg,neutral
1628.jpg,sad
1375.jpg,happy
4809.jpg,neutral
2813.jpg,uncertain
4080.jpg,neutral
4236.jpg,neutral
2082.jpg,neutral
381.jpg,neutral
771.jpg,anger
729.jpg,neutral
3338.jpg,neutral
1469.jpg,contempt
4628.jpg,surprise
213.jpg,neutral
2388.jpg,neutral
528.jpg,sad
3331.jpg,surprise
1533.jpg,happy
2842.jpg,contempt
2584.jpg,disgust
4466.jpg,neutral
2426.jpg,happy
3836.jpg,neutral
1100.jpg,anger
1295.jpg,uncertain
4072.jpg,disgust
509.jpg,surprise
1262.jpg,happy
788.jpg,sad
1201.jpg,happy
1387.jpg,neutral
406.jpg,happy
3491.jpg,disgust
3049.jpg,neutral
882.jpg,neutral
4589.jpg,uncertain
4143.jpg,anger
565.jpg,surprise
3369.jpg,contempt
4471.jpg,neutral
834.jpg,sad
2907.jpg,neutral
3671.jpg,sad
1750.jpg,surprise
1737.jpg,sad
1847.jpg,happy
863.jpg,disgust
4521.jpg,fear
1674.jpg,contempt
2142.jpg,anger
4246.jpg,neutral
1958.jpg,surprise
586.jpg,sad
3288.jpg,disgust
4295.jpg,anger
302.jpg,anger
4027.jpg,surprise
4741.jpg,uncertain
4324.jpg,happy
3684.jpg,fear
545.jpg,sad
1732.jpg,sad
1831.jpg,disgust
879.jpg,neutral
4385.jpg,happy
2357.jpg,anger
4678.jpg,surprise
1183.jpg,happy
2370.jpg,disgust
1055.jpg,surprise
2650.jpg,surprise
1096.jpg,anger
1027.jpg,neutral
375.jpg,surprise
1699.jpg,happy
2838.jpg,disgust
4249.jpg,anger
4225.jpg,happy
4650.jpg,anger
3585.jpg,surprise
2987.jpg,neutral
3586.jpg,contempt
3300.jpg,anger
3896.jpg,neutral
80.jpg,sad
3908.jpg,contempt
2254.jpg,anger
4916.jpg,sad
2307.jpg,surprise
4352.jpg,neutral
239.jpg,disgust
2853.jpg,neutral
988.jpg,sad
2413.jpg,happy
1416.jpg,contempt
3695.jpg,anger
4202.jpg,neutral
3217.jpg,anger
344.jpg,sad
3436.jpg,fear
698.jpg,happy
287.jpg,disgust
970.jpg,fear
2870.jpg,uncertain
4765.jpg,sad
1610.jpg,anger
4925.jpg,contempt
2316.jpg,neutral
3873.jpg,happy
4161.jpg,happy
1378.jpg,neutral
1025.jpg,happy
2647.jpg,fear
4075.jpg,sad
951.jpg,neutral
3592.jpg,uncertain
861.jpg,sad
121.jpg,disgust
1062.jpg,happy
4298.jpg,neutral
3963.jpg,neutral
401.jpg,fear
3803.jpg,fear
2747.jpg,neutral
3599.jpg,sad
3748.jpg,fear
739.jpg,neutral
3006.jpg,anger
3747.jpg,happy
184.jpg,neutral
2865.jpg,sad
2686.jpg,surprise
2353.jpg,neutral
3773.jpg,anger
1791.jpg,contempt
4673.jpg,happy
3229.jpg,anger
3365.jpg,sad
3245.jpg,disgust
1438.jpg,disgust
814.jpg,sad
410.jpg,disgust
520.jpg,surprise
1.jpg,neutral
11.jpg,contempt
3501.jpg,happy
4215.jpg,neutral
4972.jpg,neutral
4507.jpg,anger
1969.jpg,surprise
98.jpg,neutral
1223.jpg,fear
4704.jpg,sad
41.jpg,anger
2658.jpg,neutral
2016.jpg,anger
3363.jpg,surprise
4412.jpg,neutral
3494.jpg,uncertain
2024.jpg,anger
955.jpg,anger
92.jpg,neutral
4494.jpg,neutral
2141.jpg,disgust
332.jpg,surprise
851.jpg,anger
4155.jpg,happy
2636.jpg,disgust
3857.jpg,surprise
2395.jpg,anger
2465.jpg,neutral
1535.jpg,neutral
2978.jpg,sad
4739.jpg,sad
1608.jpg,sad
4091.jpg,anger
3721.jpg,anger
4846.jpg,sad
2822.jpg,surprise
1897.jpg,neutral
3154.jpg,anger
3597.jpg,sad
4514.jpg,neutral
1323.jpg,neutral
703.jpg,neutral
3212.jpg,anger
1908.jpg,disgust
2597.jpg,neutral
1633.jpg,surprise
3903.jpg,uncertain
4011.jpg,contempt
3186.jpg,surprise
1667.jpg,neutral
2659.jpg,sad
986.jpg,neutral
3520.jpg,happy
39.jpg,neutral
1904.jpg,fear
4705.jpg,sad
2470.jpg,anger
4238.jpg,uncertain
3173.jpg,anger
671.jpg,disgust
1571.jpg,sad
3732.jpg,neutral
3865.jpg,anger
4267.jpg,happy
621.jpg,sad
300.jpg,anger
3023.jpg,fear
445.jpg,surprise
4366.jpg,neutral
947.jpg,happy
3032.jpg,disgust
4730.jpg,neutral
2877.jpg,uncertain
2956.jpg,fear
388.jpg,anger
3182.jpg,anger
17.jpg,anger
4128.jpg,contempt
160.jpg,happy
4106.jpg,contempt
1239.jpg,anger
4432.jpg,neutral
2039.jpg,fear
111.jpg,happy
3779.jpg,uncertain
655.jpg,happy
515.jpg,disgust
4004.jpg,happy
4651.jpg,anger
3382.jpg,neutral
4597.jpg,neutral
4083.jpg,happy
2526.jpg,surprise
3380.jpg,anger
1153.jpg,happy
2012.jpg,happy
3484.jpg,neutral
1751.jpg,surprise
2582.jpg,neutral
4463.jpg,uncertain
1214.jpg,disgust
4553.jpg,neutral
447.jpg,uncertain
4794.jpg,surprise
4854.jpg,sad
1874.jpg,contempt
1467.jpg,surprise
1115.jpg,sad
1085.jpg,surprise
1037.jpg,fear
3127.jpg,surprise
3612.jpg,sad
4624.jpg,fear
2172.jpg,anger
4416.jpg,anger
1581.jpg,surprise
1277.jpg,surprise
1815.jpg,happy
4156.jpg,happy
4115.jpg,neutral
4446.jpg,anger
1703.jpg,anger
823.jpg,surprise
325.jpg,happy
2332.jpg,neutral
2506.jpg,happy
4594.jpg,contempt
2810.jpg,sad
4670.jpg,happy
1841.jpg,anger
1173.jpg,neutral
2744.jpg,uncertain
3395.jpg,anger
4570.jpg,sad
3514.jpg,neutral
2108.jpg,contempt
181.jpg,surprise
800.jpg,sad
3166.jpg,disgust
4429.jpg,neutral
4322.jpg,happy
1957.jpg,surprise
1860.jpg,happy
2787.jpg,sad
3518.jpg,disgust
1568.jpg,sad
3057.jpg,neutral
4137.jpg,surprise
2716.jpg,sad
4970.jpg,sad
2923.jpg,neutral
859.jpg,neutral
3532.jpg,neutral
3318.jpg,surprise
429.jpg,anger
2653.jpg,anger
3375.jpg,disgust
232.jpg,disgust
3471.jpg,surprise
385.jpg,sad
4524.jpg,sad
682.jpg,happy
4483.jpg,neutral
233.jpg,uncertain
3680.jpg,contempt
3566.jpg,fear
4341.jpg,anger
226.jpg,neutral
4751.jpg,happy
1604.jpg,surprise
1333.jpg,happy
3807.jpg,neutral
2728.jpg,disgust
4423.jpg,neutral
4200.jpg,neutral
1531.jpg,neutral
712.jpg,anger
1342.jpg,uncertain
4475.jpg,neutral
4728.jpg,sad
2556.jpg,neutral
3751.jpg,surprise
439.jpg,neutral
3941.jpg,neutral
2884.jpg,neutral
1519.jpg,sad
987.jpg,happy
2246.jpg,sad
3921.jpg,surprise
2723.jpg,happy
368.jpg,anger
2326.jpg,uncertain
2610.jpg,disgust
487.jpg,surprise
3089.jpg,neutral
2169.jpg,contempt
2772.jpg,anger
949.jpg,happy
1114.jpg,sad
3168.jpg,anger
4563.jpg,contempt
2777.jpg,uncertain
3447.jpg,surprise
408.jpg,neutral
1001.jpg,happy
1881.jpg,anger
755.jpg,anger
14.jpg,neutral
3171.jpg,neutral
808.jpg,uncertain
2559.jpg,happy
4645.jpg,disgust
493.jpg,neutral
1517.jpg,disgust
3270.jpg,happy
3255.jpg,neutral
267.jpg,neutral
2524.jpg,sad
1412.jpg,sad
656.jpg,sad
2446.jpg,contempt
4309.jpg,anger
3889.jpg,sad
4660.jpg,sad
1496.jpg,fear
3193.jpg,happy
4270.jpg,disgust
3517.jpg,neutral
2038.jpg,sad
3983.jpg,uncertain
4643.jpg,contempt
1631.jpg,neutral
1212.jpg,neutral
4834.jpg,surprise
3673.jpg,neutral
3163.jpg,sad
129.jpg,sad
4120.jpg,happy
2948.jpg,neutral
1348.jpg,neutral
966.jpg,anger
4381.jpg,happy
3817.jpg,surprise
3404.jpg,happy
2390.jpg,neutral
896.jpg,happy
1443.jpg,happy
962.jpg,sad
2281.jpg,uncertain
4051.jpg,neutral
4659.jpg,anger
2077.jpg,happy
4134.jpg,sad
3754.jpg,neutral
4662.jpg,surprise
2741.jpg,neutral
4787.jpg,sad
3767.jpg,surprise
4131.jpg,disgust
1589.jpg,uncertain
1245.jpg,surprise
2609.jpg,surprise
2764.jpg,sad
2538.jpg,uncertain
3407.jpg,disgust
724.jpg,neutral
1877.jpg,uncertain
4967.jpg,fear
2163.jpg,neutral
2934.jpg,anger
1554.jpg,surprise
37.jpg,happy
4804.jpg,anger
1194.jpg,sad
4321.jpg,happy
664.jpg,happy
1423.jpg,happy
3911.jpg,surprise
4720.jpg,neutral
4392.jpg,anger
3851.jpg,anger
707.jpg,neutral
1056.jpg,contempt
4360.jpg,sad
4414.jpg,neutral
4498.jpg,sad
2032.jpg,uncertain
803.jpg,fear
4840.jpg,neutral
4171.jpg,happy
3438.jpg,sad
3389.jpg,neutral
1794.jpg,happy
749.jpg,neutral
2136.jpg,happy
548.jpg,sad
864.jpg,sad
3476.jpg,anger
2680.jpg,surprise
3048.jpg,neutral
4418.jpg,happy
1396.jpg,fear
3072.jpg,happy
4438.jpg,neutral
4110.jpg,surprise
3985.jpg,sad
3709.jpg,sad
2845.jpg,neutral
3066.jpg,fear
1143.jpg,neutral
20.jpg,neutral
2783.jpg,fear
256.jpg,sad
235.jpg,neutral
3181.jpg,surprise
3557.jpg,contempt
4262.jpg,disgust
1071.jpg,sad
1057.jpg,uncertain
3854.jpg,sad
4773.jpg,fear
4581.jpg,sad
4117.jpg,surprise
2110.jpg,fear
1059.jpg,neutral
3830.jpg,anger
3405.jpg,sad
4431.jpg,surprise
3639.jpg,disgust
2863.jpg,neutral
1480.jpg,anger
4228.jpg,anger
443.jpg,fear
4254.jpg,neutral
279.jpg,neutral
2134.jpg,uncertain
113.jpg,neutral
1139.jpg,neutral
1558.jpg,happy
1627.jpg,neutral
1878.jpg,sad
4622.jpg,sad
3755.jpg,surprise
1426.jpg,neutral
4057.jpg,uncertain
3425.jpg,uncertain
1286.jpg,fear
1761.jpg,happy
4559.jpg,disgust
579.jpg,neutral
2973.jpg,anger
106.jpg,happy
65.jpg,neutral
4012.jpg,uncertain
1169.jpg,neutral
1130.jpg,anger
777.jpg,disgust
2115.jpg,uncertain
3252.jpg,contempt
2858.jpg,happy
169.jpg,happy
2122.jpg,neutral
3731.jpg,uncertain
3457.jpg,neutral
1132.jpg,sad
3635.jpg,neutral
4583.jpg,surprise
518.jpg,contempt
725.jpg,neutral
3756.jpg,happy
1008.jpg,neutral
1234.jpg,disgust
3819.jpg,anger
1556.jpg,uncertain
4199.jpg,surprise
4441.jpg,neutral
1157.jpg,surprise
2198.jpg,neutral
4404.jpg,anger
1740.jpg,neutral
1159.jpg,sad
3056.jpg,disgust
1882.jpg,surprise
2111.jpg,happy
176.jpg,surprise
1593.jpg,neutral
776.jpg,contempt
3409.jpg,sad
3574.jpg,contempt
731.jpg,anger
2259.jpg,surprise
1113.jpg,anger
1503.jpg,anger
2892.jpg,anger
3688.jpg,happy
2913.jpg,happy
4805.jpg,happy
3203.jpg,neutral
2400.jpg,contempt
4439.jpg,neutral
2804.jpg,surprise
1235.jpg,anger
1236.jpg,anger
417.jpg,sad
1382.jpg,happy
482.jpg,anger
3123.jpg,happy
2161.jpg,neutral
2700.jpg,neutral
2418.jpg,fear
3364.jpg,neutral
4135.jpg,uncertain
3326.jpg,surprise
1753.jpg,sad
3969.jpg,anger
2471.jpg,neutral
2133.jpg,happy
1174.jpg,surprise
2721.jpg,uncertain
4890.jpg,anger
1769.jpg,contempt
503.jpg,neutral
2179.jpg,disgust
609.jpg,neutral
4397.jpg,neutral
3059.jpg,anger
3956.jpg,surprise
486.jpg,anger
730.jpg,uncertain
804.jpg,happy
3265.jpg,surprise
1620.jpg,sad
2416.jpg,happy
1649.jpg,surprise
2617.jpg,happy
4619.jpg,happy
2996.jpg,sad
1373.jpg,disgust
3107.jpg,sad
3920.jpg,uncertain
3881.jpg,anger
1708.jpg,sad
1465.jpg,neutral
2202.jpg,uncertain
3224.jpg,contempt
556.jpg,disgust
1525.jpg,anger
376.jpg,sad
1064.jpg,anger
3176.jpg,happy
4253.jpg,contempt
1274.jpg,happy
4112.jpg,anger
829.jpg,sad
716.jpg,sad
3788.jpg,sad
2570.jpg,surprise
683.jpg,disgust
265.jpg,sad
1321.jpg,uncertain
2726.jpg,anger
2834.jpg,neutral
3415.jpg,neutral
271.jpg,disgust
4532.jpg,neutral
4798.jpg,sad
1227.jpg,sad
4979.jpg,contempt
1506.jpg,happy
4921.jpg,neutral
1837.jpg,fear
3201.jpg,neutral
2264.jpg,happy
2912.jpg,anger
1233.jpg,fear
1330.jpg,sad
248.jpg,sad
1527.jpg,anger
311.jpg,neutral
3855.jpg,surprise
4870.jpg,neutral
1870.jpg,happy
4855.jpg,neutral
3676.jpg,neutral
3468.jpg,neutral
3618.jpg,surprise
3394.jpg,neutral
53.jpg,neutral
2445.jpg,neutral
3842.jpg,neutral
711.jpg,fear
45.jpg,fear
767.jpg,anger
3720.jpg,anger
3327.jpg,neutral
3965.jpg,sad
2018.jpg,neutral
2816.jpg,neutral
4764.jpg,neutral
2010.jpg,disgust
3296.jpg,neutral
4510.jpg,neutral
4158.jpg,neutral
4129.jpg,uncertain
4088.jpg,happy
12.jpg,contempt
3761.jpg,uncertain
1290.jpg,neutral
4377.jpg,neutral
4233.jpg,happy
2009.jpg,sad
4656.jpg,contempt
1891.jpg,disgust
2613.jpg,sad
193.jpg,surprise
1347.jpg,happy
3140.jpg,disgust
310.jpg,sad
700.jpg,anger
1077.jpg,contempt
1813.jpg,surprise
3444.jpg,neutral
2762.jpg,neutral
3668.jpg,anger
3627.jpg,happy
2236.jpg,uncertain
1000.jpg,happy
3525.jpg,surprise
3926.jpg,happy
1080.jpg,anger
4731.jpg,anger
2391.jpg,surprise
4640.jpg,uncertain
327.jpg,sad
244.jpg,disgust
1542.jpg,fear
4832.jpg,contempt
1344.jpg,sad
2101.jpg,surprise
1782.jpg,fear
1935.jpg,neutral
1022.jpg,anger
4036.jpg,happy
3706.jpg,contempt
1942.jpg,neutral
3299.jpg,anger
1005.jpg,neutral
3464.jpg,anger
4908.jpg,sad
4857.jpg,anger
2280.jpg,contempt
2753.jpg,happy
1872.jpg,anger
3234.jpg,happy
587.jpg,happy
2795.jpg,sad
952.jpg,disgust
783.jpg,neutral
2073.jpg,sad
4527.jpg,neutral
2086.jpg,sad
2265.jpg,sad
1176.jpg,neutral
370.jpg,surprise
1973.jpg,surprise
4492.jpg,fear
4657.jpg,uncertain
4280.jpg,neutral
342.jpg,contempt
4931.jpg,sad
3650.jpg,happy
2862.jpg,uncertain
3879.jpg,anger
2059.jpg,disgust
3791.jpg,anger
1944.jpg,contempt
2643.jpg,contempt
2519.jpg,sad
383.jpg,happy
675.jpg,contempt
1291.jpg,disgust
1464.jpg,anger
4873.jpg,anger
1276.jpg,neutral
617.jpg,neutral
3442.jpg,surprise
1752.jpg,anger
1272.jpg,uncertain
1936.jpg,contempt
4227.jpg,fear
2581.jpg,neutral
2602.jpg,happy
1420.jpg,contempt
2157.jpg,contempt
4335.jpg,anger
4823.jpg,anger
2713.jpg,neutral
4184.jpg,sad
175.jpg,sad
3025.jpg,fear
2242.jpg,neutral
497.jpg,anger
757.jpg,neutral
3062.jpg,sad
3710.jpg,happy
1529.jpg,surprise
108.jpg,anger
549.jpg,uncertain
3661.jpg,contempt
2148.jpg,happy
1036.jpg,neutral
3220.jpg,sad
3008.jpg,anger
3545.jpg,happy
3042.jpg,disgust
4251.jpg,anger
4167.jpg,disgust
2346.jpg,neutral
1836.jpg,happy
1058.jpg,fear
745.jpg,neutral
283.jpg,surprise
4564.jpg,happy
1808.jpg,anger
296.jpg,happy
3894.jpg,neutral
3187.jpg,disgust
2325.jpg,neutral
1320.jpg,anger
3982.jpg,neutral
3734.jpg,happy
3919.jpg,disgust
1820.jpg,neutral
46.jpg,happy
1484.jpg,disgust
3149.jpg,neutral
866.jpg,happy
4881.jpg,anger
149.jpg,neutral
1857.jpg,neutral
762.jpg,fear
2317.jpg,surprise
1698.jpg,disgust
4456.jpg,surprise
1887.jpg,surprise
1919.jpg,neutral
1599.jpg,happy
1182.jpg,neutral
4170.jpg,happy
3772.jpg,disgust
374.jpg,happy
841.jpg,anger
2749.jpg,neutral
4457.jpg,happy
2917.jpg,neutral
1026.jpg,neutral
4851.jpg,happy
2811.jpg,surprise
2552.jpg,neutral
1707.jpg,sad
128.jpg,sad
3319.jpg,neutral
3480.jpg,neutral
413.jpg,happy
1029.jpg,surprise
4706.jpg,happy
3770.jpg,happy
1768.jpg,surprise
981.jpg,neutral
156.jpg,sad
2977.jpg,sad
631.jpg,contempt
554.jpg,neutral
3393.jpg,neutral
3101.jpg,sad
4976.jpg,neutral
2439.jpg,sad
125.jpg,uncertain
529.jpg,sad
4971.jpg,neutral
1195.jpg,sad
4663.jpg,uncertain
3313.jpg,sad
1398.jpg,fear
3959.jpg,surprise
3825.jpg,happy
2504.jpg,neutral
940.jpg,neutral
1588.jpg,surprise
1208.jpg,disgust
880.jpg,surprise
433.jpg,neutral
94.jpg,neutral
2313.jpg,happy
2054.jpg,sad
1764.jpg,anger
3146.jpg,neutral
613.jpg,neutral
2356.jpg,neutral
4258.jpg,disgust
4325.jpg,surprise
1240.jpg,neutral
2096.jpg,contempt
1596.jpg,happy
2984.jpg,sad
1303.jpg,uncertain
2376.jpg,anger
2515.jpg,neutral
500.jpg,uncertain
3243.jpg,neutral
4627.jpg,neutral
2851.jpg,contempt
116.jpg,contempt
126.jpg,contempt
4256.jpg,neutral
2117.jpg,neutral
3316.jpg,sad
3884.jpg,neutral
3036.jpg,sad
3421.jpg,surprise
4250.jpg,happy
3686.jpg,neutral
2153.jpg,sad
1024.jpg,fear
1067.jpg,neutral
1410.jpg,sad
4816.jpg,happy
144.jpg,neutral
3184.jpg,anger
1149.jpg,fear
842.jpg,surprise
3007.jpg,surprise
1668.jpg,anger
118.jpg,disgust
4944.jpg,surprise
2718.jpg,sad
4032.jpg,uncertain
26.jpg,surprise
2387.jpg,disgust
2590.jpg,anger
3609.jpg,neutral
4099.jpg,surprise
1023.jpg,neutral
436.jpg,surprise
1702.jpg,contempt
2379.jpg,anger
888.jpg,anger
4959.jpg,contempt
4452.jpg,uncertain
606.jpg,neutral
4454.jpg,neutral
3320.jpg,sad
382.jpg,contempt
3219.jpg,contempt
4957.jpg,anger
2633.jpg,surprise
1656.jpg,neutral
1619.jpg,sad
3898.jpg,neutral
4029.jpg,happy
3728.jpg,anger
4718.jpg,neutral
4546.jpg,uncertain
585.jpg,neutral
4525.jpg,neutral
3952.jpg,happy
4712.jpg,neutral
1485.jpg,contempt
71.jpg,sad
4505.jpg,disgust
2119.jpg,contempt
1156.jpg,anger
971.jpg,uncertain
4448.jpg,anger
4951.jpg,sad
3976.jpg,happy
4566.jpg,sad
3014.jpg,neutral
3387.jpg,neutral
734.jpg,happy
3681.jpg,uncertain
686.jpg,neutral
1152.jpg,anger
1785.jpg,disgust
4831.jpg,sad
4062.jpg,neutral
3934.jpg,happy
2896.jpg,surprise
2453.jpg,sad
3172.jpg,neutral
4552.jpg,neutral
3497.jpg,surprise
4054.jpg,neutral
4892.jpg,anger
174.jpg,neutral
3240.jpg,disgust
2454.jpg,anger
4495.jpg,neutral
2540.jpg,sad
3044.jpg,happy
2178.jpg,anger
440.jpg,neutral
849.jpg,neutral
377.jpg,neutral
4793.jpg,sad
759.jpg,sad
512.jpg,happy
3136.jpg,happy
1873.jpg,sad
3086.jpg,neutral
2129.jpg,uncertain
3226.jpg,surprise
404.jpg,neutral
519.jpg,surprise
2311.jpg,neutral
2656.jpg,neutral
659.jpg,disgust
1938.jpg,anger
480.jpg,neutral
77.jpg,contempt
2964.jpg,surprise
2989.jpg,disgust
3575.jpg,neutral
3324.jpg,sad
234.jpg,disgust
1637.jpg,neutral
4491.jpg,surprise
1664.jpg,contempt
4272.jpg,surprise
2629.jpg,uncertain
2533.jpg,neutral
1858.jpg,happy
4502.jpg,anger
3759.jpg,neutral
765.jpg,contempt
1220.jpg,sad
3361.jpg,neutral
4997.jpg,neutral
3933.jpg,anger
687.jpg,happy
2404.jpg,disgust
1035.jpg,neutral
4735.jpg,neutral
458.jpg,sad
24.jpg,happy
1709.jpg,sad
2644.jpg,happy
2282.jpg,happy
2807.jpg,disgust
3626.jpg,sad
2937.jpg,anger
595.jpg,happy
3647.jpg,surprise
4994.jpg,sad
2028.jpg,disgust
426.jpg,anger
3929.jpg,contempt
1322.jpg,neutral
876.jpg,neutral
3966.jpg,disgust
4194.jpg,neutral
847.jpg,neutral
541.jpg,neutral
1054.jpg,contempt
3932.jpg,neutral
3065.jpg,surprise
1203.jpg,neutral
1952.jpg,disgust
316.jpg,anger
3531.jpg,sad
2695.jpg,surprise
3179.jpg,neutral
4790.jpg,neutral
2626.jpg,neutral
3862.jpg,happy
3541.jpg,surprise
3800.jpg,contempt
2468.jpg,sad
596.jpg,sad
343.jpg,contempt
1248.jpg,surprise
1950.jpg,happy
1803.jpg,neutral
1521.jpg,happy
2154.jpg,fear
581.jpg,happy
573.jpg,happy
1340.jpg,fear
3330.jpg,surprise
2767.jpg,neutral
833.jpg,uncertain
944.jpg,sad
2959.jpg,neutral
419.jpg,sad
576.jpg,disgust
4586.jpg,surprise
2703.jpg,happy
1721.jpg,uncertain
1391.jpg,anger
3733.jpg,contempt
4290.jpg,sad
1180.jpg,surprise
3776.jpg,neutral
4226.jpg,happy
242.jpg,sad
4186.jpg,happy
201.jpg,sad
1215.jpg,sad
3789.jpg,sad
3384.jpg,uncertain
2693.jpg,sad
3943.jpg,neutral
3950.jpg,surprise
217.jpg,neutral
1928.jpg,sad
2051.jpg,contempt
3702.jpg,happy
790.jpg,neutral
4353.jpg,contempt
753.jpg,happy
1988.jpg,anger
1508.jpg,sad
4182.jpg,contempt
255.jpg,happy
536.jpg,disgust
4287.jpg,neutral
4753.jpg,neutral
4652.jpg,surprise
3596.jpg,anger
3431.jpg,neutral
2232.jpg,neutral
2773.jpg,disgust
4685.jpg,neutral
4331.jpg,happy
563.jpg,happy
1383.jpg,surprise
3103.jpg,neutral
4213.jpg,sad
4195.jpg,disgust
3268.jpg,neutral
3704.jpg,neutral
4780.jpg,sad
2881.jpg,uncertain
3793.jpg,happy
4686.jpg,sad
4833.jpg,happy
2738.jpg,surprise
958.jpg,anger
1040.jpg,neutral
616.jpg,anger
4522.jpg,disgust
4653.jpg,surprise
1641.jpg,uncertain
2029.jpg,surprise
1384.jpg,sad
2677.jpg,disgust
4635.jpg,neutral
3235.jpg,sad
2922.jpg,neutral
2222.jpg,sad
4090.jpg,neutral
3250.jpg,sad
3499.jpg,fear
4245.jpg,neutral
4403.jpg,anger
3601.jpg,neutral
3669.jpg,sad
4655.jpg,contempt
91.jpg,anger
1121.jpg,sad
1688.jpg,anger
636.jpg,uncertain
660.jpg,disgust
4442.jpg,contempt
430.jpg,neutral
3739.jpg,sad
340.jpg,surprise
3524.jpg,happy
3029.jpg,surprise
2219.jpg,disgust
611.jpg,neutral
2245.jpg,contempt
3674.jpg,surprise
3523.jpg,anger
3699.jpg,sad
3147.jpg,sad
1171.jpg,neutral
2927.jpg,neutral
3787.jpg,happy
3100.jpg,anger
2476.jpg,sad
4407.jpg,sad
3439.jpg,happy
4801.jpg,happy
567.jpg,contempt
4824.jpg,anger
1435.jpg,disgust
1927.jpg,contempt
1840.jpg,neutral
2006.jpg,neutral
1146.jpg,fear
3050.jpg,surprise
4188.jpg,contempt
1648.jpg,surprise
1402.jpg,anger
3305.jpg,contempt
679.jpg,uncertain
2675.jpg,neutral
4344.jpg,happy
1883.jpg,fear
1741.jpg,surprise
1441.jpg,sad
1359.jpg,anger
4565.jpg,disgust
2621.jpg,neutral
726.jpg,contempt
4968.jpg,disgust
1670.jpg,surprise
4839.jpg,disgust
216.jpg,happy
3827.jpg,surprise
4428.jpg,fear
4437.jpg,contempt
4450.jpg,sad
4828.jpg,fear
2827.jpg,neutral
2106.jpg,fear
1990.jpg,sad
2969.jpg,neutral
1308.jpg,contempt
4136.jpg,neutral
4069.jpg,surprise
4269.jpg,neutral
1288.jpg,anger
1512.jpg,neutral
21.jpg,neutral
3912.jpg,sad
2056.jpg,neutral
3112.jpg,anger
3742.jpg,sad
1676.jpg,neutral
2272.jpg,neutral
4882.jpg,sad
3144.jpg,anger
933.jpg,neutral
4740.jpg,sad
3795.jpg,surprise
1601.jpg,neutral
2255.jpg,happy
3064.jpg,sad
3554.jpg,neutral
4789.jpg,neutral
1739.jpg,fear
3337.jpg,sad
4983.jpg,sad
3826.jpg,anger
4896.jpg,sad
3341.jpg,surprise
2425.jpg,fear
2516.jpg,surprise
3833.jpg,sad
355.jpg,neutral
4006.jpg,anger
1910.jpg,neutral
427.jpg,neutral
2490.jpg,uncertain
365.jpg,neutral
1497.jpg,happy
1617.jpg,disgust
60.jpg,happy
3174.jpg,disgust
380.jpg,surprise
878.jpg,sad
1168.jpg,contempt
1843.jpg,surprise
4043.jpg,neutral
4557.jpg,sad
4558.jpg,contempt
3893.jpg,sad
2974.jpg,surprise
3895.jpg,anger
2304.jpg,surprise
2568.jpg,neutral
4865.jpg,neutral
1865.jpg,neutral
4560.jpg,sad
825.jpg,sad
2339.jpg,surprise
2399.jpg,neutral
4783.jpg,contempt
1817.jpg,disgust
1932.jpg,sad
3846.jpg,neutral
2007.jpg,neutral
4394.jpg,neutral
1976.jpg,anger
3581.jpg,sad
454.jpg,uncertain
2958.jpg,contempt
4281.jpg,happy
1462.jpg,surprise
2886.jpg,anger
1311.jpg,sad
4641.jpg,neutral
647.jpg,surprise
4949.jpg,fear
1249.jpg,happy
1925.jpg,contempt
1729.jpg,neutral
3015.jpg,contempt
1885.jpg,fear
510.jpg,surprise
4845.jpg,happy
134.jpg,surprise
744.jpg,anger
793.jpg,anger
4936.jpg,anger
2424.jpg,sad
471.jpg,sad
2902.jpg,neutral
4122.jpg,contempt
371.jpg,anger
2894.jpg,disgust
3051.jpg,contempt
444.jpg,fear
2275.jpg,neutral
2048.jpg,anger
4961.jpg,neutral
68.jpg,sad
3342.jpg,neutral
4690.jpg,fear
85.jpg,happy
4223.jpg,surprise
2151.jpg,neutral
1357.jpg,happy
2850.jpg,neutral
1564.jpg,neutral
677.jpg,fear
4695.jpg,neutral
2140.jpg,sad
2567.jpg,happy
1884.jpg,surprise
1557.jpg,anger
4242.jpg,disgust
4163.jpg,happy
4774.jpg,sad
3899.jpg,neutral
2868.jpg,neutral
3508.jpg,neutral
2155.jpg,surprise
2397.jpg,surprise
4501.jpg,surprise
1315.jpg,disgust
305.jpg,surprise
2874.jpg,surprise
4464.jpg,surprise
3081.jpg,anger
4745.jpg,sad
4139.jpg,neutral
1406.jpg,surprise
2521.jpg,anger
2066.jpg,happy
4216.jpg,contempt
4382.jpg,neutral
1092.jpg,uncertain
3561.jpg,sad
837.jpg,neutral
57.jpg,neutral
4636.jpg,disgust
4107.jpg,anger
4500.jpg,sad
4178.jpg,anger
1326.jpg,anger
1822.jpg,neutral
3753.jpg,anger
4743.jpg,uncertain
4758.jpg,neutral
4885.jpg,neutral
2085.jpg,sad
3297.jpg,surprise
2355.jpg,sad
1747.jpg,contempt
594.jpg,disgust
1292.jpg,neutral
872.jpg,neutral
4930.jpg,happy
2428.jpg,surprise
1069.jpg,disgust
3558.jpg,neutral
1458.jpg,surprise
2368.jpg,sad
122.jpg,sad
737.jpg,contempt
4100.jpg,neutral
2701.jpg,sad
2278.jpg,contempt
619.jpg,disgust
2499.jpg,sad
246.jpg,happy
1104.jpg,contempt
3080.jpg,surprise
2549.jpg,neutral
1108.jpg,surprise
1967.jpg,happy
1142.jpg,anger
3820.jpg,contempt
4523.jpg,contempt
2594.jpg,anger
1977.jpg,neutral
4575.jpg,sad
3084.jpg,neutral
2694.jpg,surprise
3644.jpg,anger
2458.jpg,uncertain
347.jpg,neutral
2518.jpg,neutral
3614.jpg,neutral
4218.jpg,surprise
2800.jpg,happy
307.jpg,anger
2026.jpg,anger
114.jpg,happy
2201.jpg,fear
4425.jpg,uncertain
2071.jpg,neutral
3858.jpg,anger
2529.jpg,anger
3253.jpg,sad
1332.jpg,neutral
353.jpg,anger
390.jpg,fear
681.jpg,anger
1124.jpg,neutral
732.jpg,surprise
571.jpg,happy
2852.jpg,contempt
3075.jpg,happy
3092.jpg,neutral
957.jpg,neutral
3743.jpg,anger
2736.jpg,surprise
3822.jpg,contempt
1197.jpg,fear
1103.jpg,sad
3366.jpg,happy
4580.jpg,neutral
1916.jpg,contempt
351.jpg,neutral
4198.jpg,neutral
3698.jpg,sad
3141.jpg,anger
1536.jpg,happy
348.jpg,happy
3665.jpg,disgust
3771.jpg,anger
4208.jpg,neutral
2257.jpg,disgust
937.jpg,sad
105.jpg,sad
4424.jpg,contempt
680.jpg,neutral
1609.jpg,happy
3874.jpg,neutral
2074.jpg,happy
3481.jpg,neutral
1509.jpg,fear
4111.jpg,sad
4639.jpg,contempt
2725.jpg,happy
3423.jpg,anger
2467.jpg,neutral
1123.jpg,neutral
496.jpg,anger
4479.jpg,surprise
4255.jpg,disgust
4472.jpg,contempt
3132.jpg,happy
2628.jpg,neutral
2754.jpg,contempt
4584.jpg,anger
3670.jpg,disgust
2657.jpg,surprise
2634.jpg,fear
1743.jpg,sad
281.jpg,happy
4204.jpg,neutral
1972.jpg,contempt
2475.jpg,sad
2047.jpg,happy
3875.jpg,neutral
1393.jpg,anger
3459.jpg,uncertain
4734.jpg,anger
3281.jpg,anger
561.jpg,sad
3403.jpg,sad
4317.jpg,happy
784.jpg,happy
2462.jpg,happy
1954.jpg,disgust
1252.jpg,uncertain
158.jpg,sad
399.jpg,neutral
4948.jpg,neutral
3539.jpg,uncertain
1552.jpg,neutral
3329.jpg,surprise
1041.jpg,happy
1335.jpg,neutral
1987.jpg,anger
4962.jpg,uncertain
3390.jpg,fear
3328.jpg,surprise
254.jpg,happy
2961.jpg,uncertain
2523.jpg,happy
1658.jpg,contempt
1941.jpg,sad
4068.jpg,uncertain
2248.jpg,happy
135.jpg,surprise
1744.jpg,fear
1486.jpg,sad
2775.jpg,happy
2324.jpg,sad
4103.jpg,sad
2046.jpg,anger
3377.jpg,uncertain
569.jpg,surprise
2431.jpg,contempt
883.jpg,neutral
4467.jpg,neutral
1449.jpg,anger
854.jpg,anger
400.jpg,anger
3010.jpg,disgust
3282.jpg,happy
1515.jpg,surprise
3475.jpg,surprise
1862.jpg,disgust
2904.jpg,neutral
4266.jpg,happy
2348.jpg,happy
461.jpg,anger
4304.jpg,surprise
3887.jpg,contempt
763.jpg,sad
1401.jpg,uncertain
4176.jpg,surprise
4278.jpg,neutral
1680.jpg,neutral
4547.jpg,happy
2221.jpg,neutral
4819.jpg,neutral
4906.jpg,neutral
886.jpg,surprise
3945.jpg,neutral
1639.jpg,anger
1310.jpg,surprise
4101.jpg,contempt
2215.jpg,uncertain
1640.jpg,neutral
1886.jpg,neutral
508.jpg,sad
2769.jpg,neutral
1793.jpg,surprise
1337.jpg,surprise
1895.jpg,happy
1268.jpg,disgust
3961.jpg,happy
4610.jpg,anger
1635.jpg,neutral
3232.jpg,surprise
140.jpg,fear
1795.jpg,happy
801.jpg,fear
4359.jpg,happy
63.jpg,neutral
4018.jpg,anger
2419.jpg,neutral
1679.jpg,neutral
1434.jpg,neutral
1951.jpg,happy
3241.jpg,anger
1081.jpg,surprise
86.jpg,neutral
4017.jpg,neutral
472.jpg,anger
3.jpg,disgust
4440.jpg,disgust
2159.jpg,neutral
4924.jpg,sad
3608.jpg,happy
4996.jpg,fear
792.jpg,neutral
773.jpg,happy
4319.jpg,surprise
641.jpg,sad
4601.jpg,anger
4796.jpg,happy
337.jpg,neutral
3672.jpg,neutral
2671.jpg,happy
4861.jpg,disgust
1959.jpg,surprise
818.jpg,surprise
2799.jpg,disgust
1011.jpg,surprise
4508.jpg,sad
1511.jpg,anger
2352.jpg,disgust
4345.jpg,happy
869.jpg,neutral
1270.jpg,contempt
1634.jpg,sad
3736.jpg,sad
466.jpg,neutral
304.jpg,neutral
4880.jpg,neutral
4512.jpg,neutral
2279.jpg,happy
2182.jpg,anger
4019.jpg,neutral
3931.jpg,sad
96.jpg,neutral
2318.jpg,anger
4777.jpg,disgust
2637.jpg,happy
2739.jpg,uncertain
4926.jpg,anger
1362.jpg,neutral
2195.jpg,contempt
2849.jpg,surprise
2812.jpg,uncertain
1621.jpg,neutral
2333.jpg,uncertain
2742.jpg,uncertain
709.jpg,sad
3504.jpg,happy
282.jpg,sad
4702.jpg,happy
3582.jpg,anger
3199.jpg,sad
1968.jpg,neutral
3169.jpg,disgust
4007.jpg,neutral
4736.jpg,anger
4084.jpg,disgust
4698.jpg,neutral
1738.jpg,fear
4868.jpg,neutral
4724.jpg,happy
3975.jpg,neutral
2374.jpg,happy
2394.jpg,neutral
1060.jpg,contempt
2535.jpg,fear
2825.jpg,uncertain
4912.jpg,surprise
3076.jpg,disgust
3980.jpg,disgust
2757.jpg,anger
4511.jpg,disgust
3083.jpg,neutral
2763.jpg,happy
1807.jpg,happy
2803.jpg,happy
1615.jpg,happy
3295.jpg,disgust
607.jpg,neutral
602.jpg,anger
3336.jpg,anger
3700.jpg,neutral
4192.jpg,disgust
4947.jpg,sad
1646.jpg,happy
1074.jpg,neutral
257.jpg,happy
1652.jpg,anger
4035.jpg,disgust
4528.jpg,neutral
3156.jpg,sad
3864.jpg,anger
1009.jpg,neutral
3885.jpg,disgust
3479.jpg,sad
4089.jpg,happy
4969.jpg,happy
924.jpg,sad
521.jpg,sad
1961.jpg,anger
4990.jpg,sad
2661.jpg,sad
4459.jpg,happy
1343.jpg,anger
314.jpg,surprise
853.jpg,sad
3979.jpg,uncertain
4173.jpg,neutral
904.jpg,happy
2295.jpg,neutral
3888.jpg,happy
4449.jpg,anger
4708.jpg,contempt
3362.jpg,fear
1754.jpg,sad
3973.jpg,happy
1909.jpg,anger
1188.jpg,happy
1690.jpg,contempt
3553.jpg,anger
3947.jpg,surprise
938.jpg,anger
3652.jpg,sad
1207.jpg,happy
649.jpg,surprise
1997.jpg,surprise
423.jpg,disgust
3707.jpg,happy
3641.jpg,contempt
1265.jpg,happy
3260.jpg,anger
4577.jpg,surprise
3946.jpg,anger
3392.jpg,sad
4913.jpg,neutral
195.jpg,happy
4489.jpg,happy
3357.jpg,neutral
1994.jpg,neutral
2599.jpg,sad
398.jpg,fear
2536.jpg,anger
715.jpg,happy
1307.jpg,anger
333.jpg,disgust
3180.jpg,sad
603.jpg,anger
3568.jpg,neutral
1901.jpg,neutral
2981.jpg,sad
2520.jpg,happy
4637.jpg,surprise
3231.jpg,uncertain
2177.jpg,contempt
2001.jpg,uncertain
1890.jpg,happy
208.jpg,surprise
2571.jpg,neutral
738.jpg,sad
420.jpg,neutral
590.jpg,anger
4386.jpg,anger
614.jpg,surprise
977.jpg,happy
911.jpg,surprise
4717.jpg,sad
2034.jpg,sad
1304.jpg,surprise
141.jpg,sad
1684.jpg,sad
4732.jpg,contempt
4991.jpg,anger
2014.jpg,happy
334.jpg,anger
4899.jpg,neutral
4853.jpg,neutral
3493.jpg,neutral
4862.jpg,contempt
3372.jpg,neutral
3928.jpg,neutral
2968.jpg,surprise
1802.jpg,uncertain
4497.jpg,anger
3555.jpg,happy
4160.jpg,neutral
4465.jpg,disgust
346.jpg,disgust
1661.jpg,happy
1038.jpg,fear
1053.jpg,neutral
2513.jpg,sad
4917.jpg,sad
2999.jpg,neutral
3503.jpg,uncertain
605.jpg,sad
1659.jpg,uncertain
2207.jpg,sad
2640.jpg,neutral
4654.jpg,happy
2592.jpg,surprise
2801.jpg,sad
170.jpg,neutral
3114.jpg,uncertain
1824.jpg,happy
3828.jpg,contempt
154.jpg,happy
4060.jpg,neutral
4093.jpg,happy
4453.jpg,sad
2231.jpg,anger
109.jpg,disgust
3472.jpg,disgust
914.jpg,surprise
2630.jpg,surprise
3654.jpg,surprise
742.jpg,happy
1016.jpg,anger
1849.jpg,sad
899.jpg,sad
4013.jpg,neutral
78.jpg,neutral
2343.jpg,surprise
2901.jpg,anger
3837.jpg,anger
359.jpg,happy
2839.jpg,fear
3725.jpg,sad
202.jpg,neutral
3808.jpg,contempt
414.jpg,contempt
4474.jpg,neutral
2068.jpg,neutral
2312.jpg,contempt
4542.jpg,neutral
4515.jpg,contempt
2137.jpg,happy
4473.jpg,disgust
2745.jpg,sad
3856.jpg,neutral
127.jpg,neutral
2271.jpg,happy
3247.jpg,sad
4152.jpg,happy
1098.jpg,anger
568.jpg,neutral
2750.jpg,sad
4615.jpg,sad
4937.jpg,uncertain
4162.jpg,neutral
525.jpg,anger
1439.jpg,contempt
4533.jpg,neutral
1773.jpg,disgust
2489.jpg,contempt
4358.jpg,happy
1427.jpg,sad
196.jpg,neutral
52.jpg,neutral
954.jpg,anger
1889.jpg,happy
358.jpg,disgust
3370.jpg,surprise
3968.jpg,anger
2088.jpg,happy
2808.jpg,fear
467.jpg,anger
2473.jpg,sad
4548.jpg,surprise
4301.jpg,neutral
2118.jpg,anger
7.jpg,neutral
3121.jpg,contempt
3151.jpg,contempt
1404.jpg,sad
2035.jpg,happy
4193.jpg,anger
2890.jpg,surprise
909.jpg,neutral
3441.jpg,contempt
84.jpg,neutral
4398.jpg,anger
1408.jpg,anger
222.jpg,neutral
4883.jpg,happy
4850.jpg,sad
1940.jpg,surprise
315.jpg,neutral
1923.jpg,surprise
4903.jpg,sad
4297.jpg,happy
2696.jpg,sad
130.jpg,sad
1300.jpg,neutral
61.jpg,neutral
1980.jpg,uncertain
2965.jpg,anger
3824.jpg,happy
4405.jpg,happy
2354.jpg,surprise
4572.jpg,neutral
3543.jpg,disgust
1544.jpg,neutral
308.jpg,anger
97.jpg,disgust
982.jpg,uncertain
3690.jpg,anger
3775.jpg,disgust
3657.jpg,neutral
2100.jpg,uncertain
540.jpg,happy
131.jpg,sad
1356.jpg,disgust
4021.jpg,sad
4102.jpg,anger
3984.jpg,neutral
4109.jpg,sad
4104.jpg,sad
1745.jpg,anger
3578.jpg,neutral
3443.jpg,uncertain
1481.jpg,uncertain
3024.jpg,anger
2228.jpg,uncertain
4141.jpg,sad
1297.jpg,happy
1983.jpg,surprise
1325.jpg,surprise
3110.jpg,surprise
3735.jpg,anger
4721.jpg,disgust
2491.jpg,anger
4244.jpg,neutral
1213.jpg,happy
1821.jpg,neutral
2097.jpg,uncertain
2033.jpg,sad
138.jpg,uncertain
4181.jpg,contempt
1105.jpg,surprise
387.jpg,neutral
4470.jpg,happy
1013.jpg,sad
1316.jpg,sad
4229.jpg,surprise
2949.jpg,sad
1241.jpg,sad
446.jpg,contempt
3129.jpg,surprise
1746.jpg,anger
1673.jpg,neutral
3041.jpg,contempt
494.jpg,anger
191.jpg,sad
815.jpg,neutral
2806.jpg,anger
1736.jpg,anger
269.jpg,anger
2296.jpg,fear
1868.jpg,happy
88.jpg,sad
1801.jpg,neutral
272.jpg,surprise
1926.jpg,anger
4843.jpg,neutral
2112.jpg,disgust
3718.jpg,fear
1828.jpg,neutral
2676.jpg,surprise
139.jpg,anger
4421.jpg,sad
2819.jpg,sad
3638.jpg,sad
3981.jpg,neutral
2530.jpg,sad
4592.jpg,neutral
290.jpg,anger
1078.jpg,happy
2688.jpg,sad
931.jpg,surprise
903.jpg,neutral
2893.jpg,disgust
4844.jpg,anger
3137.jpg,anger
1713.jpg,sad
3002.jpg,fear
3949.jpg,neutral
4665.jpg,neutral
2522.jpg,happy
4676.jpg,happy
1546.jpg,disgust
364.jpg,anger
527.jpg,sad
4820.jpg,happy
893.jpg,disgust
2213.jpg,neutral
2708.jpg,anger
2181.jpg,disgust
3769.jpg,surprise
4827.jpg,sad
1572.jpg,sad
2946.jpg,contempt
3188.jpg,happy
4541.jpg,neutral
1924.jpg,neutral
2859.jpg,sad
640.jpg,anger
32.jpg,neutral
153.jpg,uncertain
646.jpg,neutral
789.jpg,fear
2670.jpg,anger
3805.jpg,disgust
4025.jpg,happy
3691.jpg,surprise
4763.jpg,neutral
1783.jpg,neutral
4292.jpg,anger
1550.jpg,surprise
4953.jpg,uncertain
3190.jpg,happy
3210.jpg,sad
1922.jpg,sad
2774.jpg,happy
824.jpg,neutral
819.jpg,happy
3429.jpg,disgust
2856.jpg,neutral
4147.jpg,contempt
3551.jpg,surprise
4549.jpg,surprise
123.jpg,neutral
1429.jpg,neutral
1762.jpg,sad
4760.jpg,neutral
2548.jpg,surprise
4506.jpg,anger
1184.jpg,happy
4891.jpg,fear
147.jpg,anger
4133.jpg,sad
4302.jpg,fear
4286.jpg,anger
1953.jpg,sad
2914.jpg,contempt
676.jpg,neutral
2620.jpg,happy
3225.jpg,sad
4886.jpg,neutral
1798.jpg,sad
1099.jpg,sad
2253.jpg,happy
2690.jpg,uncertain
3986.jpg,uncertain
378.jpg,neutral
2952.jpg,sad
163.jpg,anger
3726.jpg,anger
4905.jpg,anger
1273.jpg,happy
1810.jpg,surprise
2345.jpg,anger
1247.jpg,neutral
4400.jpg,neutral
4114.jpg,sad
4797.jpg,happy
915.jpg,neutral
3401.jpg,anger
465.jpg,sad
2789.jpg,neutral
273.jpg,anger
4415.jpg,contempt
3642.jpg,disgust
2906.jpg,contempt
4445.jpg,surprise
3816.jpg,happy
1766.jpg,neutral
785.jpg,neutral
702.jpg,sad
4772.jpg,neutral
2377.jpg,neutral
3542.jpg,sad
1792.jpg,uncertain
4998.jpg,sad
284.jpg,sad
3832.jpg,neutral
3128.jpg,contempt
3091.jpg,happy
2045.jpg,happy
996.jpg,happy
10.jpg,anger
4609.jpg,uncertain
2435.jpg,uncertain
3696.jpg,sad
1377.jpg,disgust
2847.jpg,contempt
3571.jpg,disgust
4046.jpg,happy
3391.jpg,happy
2660.jpg,happy
73.jpg,disgust
3019.jpg,happy
969.jpg,neutral
975.jpg,sad
3418.jpg,anger
845.jpg,sad
4274.jpg,happy
3159.jpg,neutral
3125.jpg,neutral
1454.jpg,neutral
2734.jpg,anger
4384.jpg,neutral
1799.jpg,happy
4802.jpg,anger
2373.jpg,neutral
599.jpg,contempt
318.jpg,anger
1669.jpg,neutral
690.jpg,neutral
4544.jpg,sad
3087.jpg,contempt
3703.jpg,neutral
3890.jpg,uncertain
30.jpg,uncertain
3383.jpg,anger
1259.jpg,neutral
136.jpg,happy
1107.jpg,happy
4002.jpg,contempt
1526.jpg,surprise
1453.jpg,fear
936.jpg,fear
4273.jpg,anger
4138.jpg,uncertain
4520.jpg,disgust
638.jpg,uncertain
4496.jpg,happy
2855.jpg,neutral
3511.jpg,neutral
3228.jpg,anger
2766.jpg,sad
4434.jpg,disgust
1483.jpg,happy
3432.jpg,sad
3927.jpg,disgust
761.jpg,anger
72.jpg,happy
3440.jpg,sad
2678.jpg,happy
2785.jpg,disgust
809.jpg,happy
4768.jpg,sad
93.jpg,disgust
1853.jpg,contempt
2792.jpg,sad
3958.jpg,uncertain
4866.jpg,surprise
3600.jpg,disgust
2498.jpg,surprise
2410.jpg,happy
1336.jpg,happy
3598.jpg,disgust
4807.jpg,anger
3988.jpg,anger
4300.jpg,sad
1832.jpg,neutral
2942.jpg,disgust
1238.jpg,contempt
1165.jpg,surprise
511.jpg,uncertain
357.jpg,anger
3752.jpg,sad
4877.jpg,sad
3948.jpg,anger
3815.jpg,disgust
4003.jpg,anger
3922.jpg,neutral
95.jpg,sad
786.jpg,sad
2596.jpg,surprise
1804.jpg,contempt
1979.jpg,surprise
3152.jpg,happy
794.jpg,surprise
3161.jpg,happy
3610.jpg,contempt
2779.jpg,happy
2247.jpg,sad
1218.jpg,anger
2298.jpg,disgust
4260.jpg,disgust
1093.jpg,neutral
4307.jpg,happy
2407.jpg,fear
1047.jpg,neutral
1266.jpg,sad
4288.jpg,anger
4904.jpg,uncertain
1160.jpg,surprise
2196.jpg,contempt
2786.jpg,happy
4326.jpg,sad
4183.jpg,sad
3371.jpg,uncertain
4378.jpg,anger
557.jpg,neutral
3746.jpg,disgust
4638.jpg,contempt
3507.jpg,neutral
1856.jpg,anger
4919.jpg,anger
3335.jpg,neutral
1063.jpg,neutral
1859.jpg,fear
1210.jpg,sad
4311.jpg,anger
923.jpg,contempt
533.jpg,anger
2920.jpg,neutral
324.jpg,neutral
3485.jpg,happy
2782.jpg,fear
1472.jpg,sad
3198.jpg,anger
1809.jpg,anger
3502.jpg,happy
1224.jpg,anger
3651.jpg,happy
1293.jpg,uncertain
4747.jpg,neutral
2184.jpg,happy
1584.jpg,neutral
2292.jpg,sad
3664.jpg,sad
79.jpg,anger
1660.jpg,uncertain
1003.jpg,contempt
3071.jpg,happy
3628.jpg,neutral
2672.jpg,neutral
3256.jpg,contempt
1392.jpg,neutral
4039.jpg,anger
4079.jpg,surprise
3841.jpg,neutral
4669.jpg,neutral
873.jpg,surprise
3850.jpg,fear
3039.jpg,neutral
394.jpg,contempt
1677.jpg,sad
2619.jpg,surprise
4045.jpg,neutral
3631.jpg,neutral
502.jpg,neutral
746.jpg,happy
3526.jpg,happy
4914.jpg,happy
929.jpg,neutral
3544.jpg,surprise
3914.jpg,neutral
2732.jpg,neutral
4469.jpg,anger
2831.jpg,disgust
3593.jpg,happy
4047.jpg,anger
2717.jpg,neutral
507.jpg,contempt
1166.jpg,happy
1135.jpg,surprise
4582.jpg,neutral
989.jpg,surprise
1367.jpg,surprise
1834.jpg,happy
905.jpg,happy
827.jpg,neutral
4259.jpg,neutral
3711.jpg,anger
1405.jpg,surprise
3513.jpg,sad
2030.jpg,sad
418.jpg,neutral
3848.jpg,disgust
2191.jpg,sad
3348.jpg,anger
432.jpg,contempt
2444.jpg,fear
1306.jpg,surprise
4915.jpg,anger
4095.jpg,sad
2193.jpg,happy
1912.jpg,surprise
4119.jpg,sad
2226.jpg,anger
1662.jpg,fear
2220.jpg,anger
2249.jpg,surprise
4408.jpg,surprise
2990.jpg,disgust
2380.jpg,uncertain
1985.jpg,disgust
4934.jpg,neutral
4369.jpg,happy
1414.jpg,happy
1907.jpg,neutral
3200.jpg,neutral
145.jpg,sad
787.jpg,happy
1271.jpg,sad
4902.jpg,neutral
875.jpg,happy
31.jpg,disgust
968.jpg,neutral
1360.jpg,sad
1653.jpg,anger
2876.jpg,surprise
3310.jpg,uncertain
1723.jpg,disgust
441.jpg,anger
1835.jpg,disgust
1116.jpg,contempt
1681.jpg,anger
2065.jpg,fear
948.jpg,anger
1844.jpg,happy
799.jpg,disgust
813.jpg,surprise
448.jpg,sad
82.jpg,surprise
1823.jpg,neutral
741.jpg,disgust
4390.jpg,happy
2616.jpg,happy
3090.jpg,fear
4750.jpg,surprise
1888.jpg,anger
412.jpg,neutral
3308.jpg,neutral
1651.jpg,contempt
4124.jpg,surprise
1371.jpg,anger
3872.jpg,uncertain
1731.jpg,surprise
4410.jpg,anger
3843.jpg,anger
4085.jpg,disgust
3634.jpg,anger
3290.jpg,surprise
4933.jpg,neutral
4987.jpg,anger
4711.jpg,anger
373.jpg,happy
1358.jpg,anger
3930.jpg,anger
4154.jpg,anger
3810.jpg,neutral
592.jpg,disgust
2199.jpg,happy
3148.jpg,neutral
2743.jpg,surprise
1586.jpg,anger
2837.jpg,disgust
4197.jpg,contempt
3005.jpg,neutral
434.jpg,happy
1415.jpg,disgust
1428.jpg,surprise
748.jpg,sad
4481.jpg,neutral
843.jpg,happy
4879.jpg,surprise
4350.jpg,disgust
457.jpg,surprise
3304.jpg,happy
2070.jpg,disgust
537.jpg,neutral
2682.jpg,sad
779.jpg,surprise
2432.jpg,disgust
4749.jpg,anger
3191.jpg,anger
2050.jpg,sad
4461.jpg,neutral
4375.jpg,sad
2509.jpg,neutral
4598.jpg,neutral
3266.jpg,neutral
2512.jpg,surprise
588.jpg,contempt
1567.jpg,neutral
4230.jpg,happy
3374.jpg,contempt
4965.jpg,anger
1705.jpg,disgust
2372.jpg,uncertain
852.jpg,anger
3307.jpg,sad
2081.jpg,fear
3809.jpg,happy
3322.jpg,surprise
516.jpg,happy
2130.jpg,sad
3349.jpg,surprise
3667.jpg,anger
2997.jpg,neutral
1261.jpg,sad
1030.jpg,sad
1939.jpg,neutral
2903.jpg,uncertain
4781.jpg,happy
278.jpg,sad
3964.jpg,sad
2528.jpg,happy
2113.jpg,happy
3685.jpg,neutral
4166.jpg,uncertain
1955.jpg,sad
2166.jpg,sad
4435.jpg,happy
2994.jpg,neutral
3108.jpg,uncertain
4778.jpg,happy
2261.jpg,happy
1875.jpg,surprise
2591.jpg,anger
2511.jpg,neutral
2224.jpg,neutral
2299.jpg,surprise
990.jpg,contempt
3293.jpg,happy
1933.jpg,surprise
1083.jpg,anger
2960.jpg,neutral
3615.jpg,uncertain
1049.jpg,neutral
4263.jpg,happy
2440.jpg,happy
173.jpg,disgust
2887.jpg,happy
1349.jpg,happy
669.jpg,anger
2712.jpg,disgust
3909.jpg,neutral
3314.jpg,happy
3351.jpg,sad
4328.jpg,anger
1786.jpg,fear
3882.jpg,anger
2975.jpg,surprise
678.jpg,surprise
3082.jpg,neutral
1217.jpg,sad
2627.jpg,sad
2412.jpg,surprise
3170.jpg,uncertain
4700.jpg,neutral
221.jpg,happy
58.jpg,happy
1573.jpg,neutral
4517.jpg,disgust
28.jpg,uncertain
2598.jpg,surprise
1734.jpg,neutral
3812.jpg,anger
3465.jpg,contempt
722.jpg,contempt
4567.jpg,fear
1900.jpg,surprise
1842.jpg,surprise
452.jpg,neutral
240.jpg,contempt
3527.jpg,fear
2606.jpg,neutral
2507.jpg,anger
3001.jpg,surprise
1655.jpg,fear
963.jpg,neutral
2090.jpg,neutral
1251.jpg,sad
2417.jpg,neutral
2488.jpg,happy
2336.jpg,neutral
693.jpg,surprise
4878.jpg,disgust
2147.jpg,neutral
4963.jpg,anger
3944.jpg,neutral
1034.jpg,surprise
2132.jpg,surprise
223.jpg,sad
2437.jpg,happy
3017.jpg,surprise
3104.jpg,neutral
203.jpg,disgust
1595.jpg,surprise
3995.jpg,sad
4644.jpg,uncertain
4237.jpg,surprise
2780.jpg,surprise
4755.jpg,contempt
3521.jpg,disgust
236.jpg,sad
495.jpg,happy
1305.jpg,surprise
2183.jpg,happy
3537.jpg,uncertain
2099.jpg,happy
3548.jpg,disgust
2422.jpg,disgust
769.jpg,happy
3679.jpg,anger
3998.jpg,contempt
4812.jpg,surprise
4285.jpg,disgust
3430.jpg,neutral
3766.jpg,happy
3359.jpg,neutral
3629.jpg,sad
309.jpg,happy
3074.jpg,uncertain
4373.jpg,contempt
1622.jpg,happy
572.jpg,surprise
409.jpg,neutral
2993.jpg,disgust
4692.jpg,neutral
796.jpg,anger
2953.jpg,happy
83.jpg,anger
168.jpg,neutral
932.jpg,anger
3781.jpg,anger
2293.jpg,sad
4339.jpg,anger
4030.jpg,neutral
4744.jpg,contempt
3367.jpg,fear
2104.jpg,anger
1796.jpg,anger
2585.jpg,disgust
920.jpg,sad
1365.jpg,disgust
4715.jpg,neutral
2794.jpg,fear
2443.jpg,sad
199.jpg,surprise
6.jpg,anger
4041.jpg,anger
4693.jpg,contempt
639.jpg,surprise
3068.jpg,happy
4748.jpg,uncertain
2545.jpg,happy
530.jpg,sad
2692.jpg,sad
582.jpg,disgust
2430.jpg,neutral
4026.jpg,neutral
2427.jpg,anger
187.jpg,sad
2915.jpg,sad
320.jpg,neutral
3277.jpg,surprise
3455.jpg,fear
930.jpg,disgust
2375.jpg,neutral
1825.jpg,anger
3987.jpg,contempt
1079.jpg,happy
3470.jpg,surprise
3379.jpg,surprise
747.jpg,neutral
1430.jpg,happy
2128.jpg,disgust
3111.jpg,contempt
3697.jpg,neutral
4406.jpg,surprise
3528.jpg,sad
2049.jpg,sad
3897.jpg,sad
4911.jpg,neutral
15.jpg,neutral
997.jpg,anger
2121.jpg,fear
598.jpg,disgust
1411.jpg,anger
3589.jpg,sad
3729.jpg,neutral
485.jpg,neutral
2832.jpg,disgust
1422.jpg,anger
1473.jpg,fear
2882.jpg,contempt
4606.jpg,sad
652.jpg,disgust
4490.jpg,anger
1934.jpg,neutral
4196.jpg,anger
3487.jpg,surprise
2587.jpg,anger
54.jpg,disgust
4623.jpg,surprise
4337.jpg,neutral
1289.jpg,neutral
967.jpg,fear
4897.jpg,neutral
4340.jpg,fear
2735.jpg,surprise
1418.jpg,sad
2880.jpg,uncertain
4927.jpg,contempt
3643.jpg,uncertain
4561.jpg,anger
662.jpg,sad
1388.jpg,surprise
1811.jpg,happy
51.jpg,surprise
4219.jpg,neutral
2805.jpg,neutral
2230.jpg,happy
4562.jpg,contempt
4042.jpg,disgust
2632.jpg,surprise
2579.jpg,sad
3061.jpg,sad
1614.jpg,contempt
1031.jpg,uncertain
3175.jpg,uncertain
994.jpg,uncertain
1313.jpg,disgust
280.jpg,neutral
1109.jpg,disgust
4468.jpg,happy
2314.jpg,sad
597.jpg,contempt
4664.jpg,sad
2189.jpg,anger
4190.jpg,disgust
1562.jpg,contempt
3867.jpg,happy
768.jpg,contempt
289.jpg,anger
3506.jpg,contempt
2472.jpg,neutral
3195.jpg,contempt
733.jpg,sad
2891.jpg,uncertain
3569.jpg,anger
696.jpg,anger
3165.jpg,happy
2164.jpg,uncertain
3118.jpg,neutral
1966.jpg,contempt
361.jpg,neutral
1855.jpg,neutral
4015.jpg,happy
2250.jpg,neutral
1400.jpg,happy
4422.jpg,disgust
4986.jpg,disgust
2909.jpg,neutral
2900.jpg,surprise
3708.jpg,sad
1136.jpg,uncertain
469.jpg,surprise
2455.jpg,anger
103.jpg,disgust
3583.jpg,anger
4616.jpg,happy
4376.jpg,happy
3446.jpg,happy
4941.jpg,contempt
3460.jpg,happy
780.jpg,sad
1192.jpg,surprise
218.jpg,disgust
2945.jpg,happy
908.jpg,sad
3376.jpg,sad
4282.jpg,disgust
198.jpg,neutral
918.jpg,happy
1459.jpg,happy
713.jpg,neutral
3267.jpg,uncertain
2555.jpg,neutral
2203.jpg,anger
4430.jpg,anger
2285.jpg,contempt
3077.jpg,happy
209.jpg,happy
2361.jpg,anger
1580.jpg,happy
3155.jpg,disgust
2655.jpg,happy
2576.jpg,contempt
4875.jpg,neutral
4535.jpg,sad
735.jpg,happy
3284.jpg,uncertain
2776.jpg,neutral
2103.jpg,fear
186.jpg,neutral
2027.jpg,anger
3317.jpg,neutral
2500.jpg,fear
2565.jpg,anger
3737.jpg,contempt
3905.jpg,neutral
3849.jpg,sad
4037.jpg,neutral
4710.jpg,neutral
2124.jpg,neutral
3562.jpg,sad
3000.jpg,contempt
2175.jpg,happy
2830.jpg,anger
1244.jpg,happy
1623.jpg,neutral
3916.jpg,uncertain
551.jpg,happy
3510.jpg,neutral
301.jpg,anger
654.jpg,anger
701.jpg,surprise
2197.jpg,neutral
3806.jpg,uncertain
194.jpg,happy
3239.jpg,neutral
2947.jpg,neutral
3957.jpg,neutral
4211.jpg,sad
3724.jpg,uncertain
4901.jpg,neutral
2042.jpg,happy
743.jpg,surprise
245.jpg,uncertain
1585.jpg,fear
4503.jpg,neutral
306.jpg,contempt
2639.jpg,neutral
2823.jpg,sad
499.jpg,sad
4699.jpg,happy
241.jpg,disgust
1352.jpg,sad
36.jpg,neutral
2534.jpg,fear
4247.jpg,neutral
456.jpg,happy
1852.jpg,sad
1806.jpg,disgust
3605.jpg,neutral
2092.jpg,neutral
4811.jpg,sad
2573.jpg,surprise
2052.jpg,disgust
4995.jpg,surprise
3356.jpg,neutral
43.jpg,anger
721.jpg,contempt
2162.jpg,happy
3482.jpg,surprise
1625.jpg,neutral
858.jpg,surprise
4053.jpg,neutral
4611.jpg,disgust
4574.jpg,happy
2329.jpg,anger
1730.jpg,neutral
2229.jpg,anger
3904.jpg,neutral
345.jpg,happy
4277.jpg,neutral
1338.jpg,neutral
2381.jpg,happy
684.jpg,neutral
2980.jpg,sad
2667.jpg,neutral
2564.jpg,happy
3278.jpg,anger
1547.jpg,neutral
2126.jpg,neutral
1407.jpg,neutral
754.jpg,surprise
2105.jpg,uncertain
4150.jpg,uncertain
628.jpg,neutral
62.jpg,surprise
2485.jpg,surprise
2233.jpg,happy
2363.jpg,neutral
4679.jpg,neutral
941.jpg,happy
4612.jpg,happy
2303.jpg,surprise
3660.jpg,neutral
74.jpg,neutral
2709.jpg,sad
1516.jpg,anger
366.jpg,neutral
3047.jpg,surprise
2389.jpg,happy
4752.jpg,uncertain
4235.jpg,contempt
4779.jpg,sad
3630.jpg,anger
2323.jpg,contempt
3802.jpg,sad
1148.jpg,neutral
999.jpg,happy
3538.jpg,neutral
3027.jpg,surprise
3505.jpg,anger
4484.jpg,neutral
392.jpg,disgust
4922.jpg,happy
2724.jpg,neutral
3302.jpg,happy
1727.jpg,neutral
3258.jpg,sad
2429.jpg,neutral
4094.jpg,uncertain
1294.jpg,neutral
2926.jpg,happy
3135.jpg,sad
2648.jpg,sad
1789.jpg,happy
3876.jpg,anger
1666.jpg,happy
574.jpg,anger
4757.jpg,sad
3780.jpg,uncertain
4071.jpg,contempt
1175.jpg,anger
274.jpg,happy
225.jpg,neutral
3716.jpg,uncertain
3954.jpg,disgust
3461.jpg,uncertain
4201.jpg,sad
2483.jpg,happy
4310.jpg,anger
299.jpg,disgust
653.jpg,anger
1685.jpg,anger
1845.jpg,happy
1493.jpg,neutral
3992.jpg,fear
3938.jpg,happy
2992.jpg,happy
526.jpg,sad
2158.jpg,neutral
3218.jpg,neutral
4458.jpg,sad
3584.jpg,uncertain
2168.jpg,uncertain
3994.jpg,neutral
4354.jpg,neutral
2957.jpg,anger
2951.jpg,happy
2940.jpg,happy
288.jpg,happy
4629.jpg,neutral
266.jpg,contempt
4363.jpg,surprise
3416.jpg,surprise
1231.jpg,happy
2186.jpg,anger
4077.jpg,neutral
1154.jpg,happy
1317.jpg,neutral
3757.jpg,neutral
2707.jpg,anger
2208.jpg,sad
3030.jpg,neutral
3055.jpg,happy
356.jpg,neutral
4175.jpg,contempt
411.jpg,disgust
839.jpg,neutral
1726.jpg,disgust
9.jpg,happy
133.jpg,sad
189.jpg,happy
2095.jpg,happy
708.jpg,sad
4364.jpg,disgust
2802.jpg,fear
2950.jpg,happy
4958.jpg,happy
2542.jpg,anger
4687.jpg,sad
3587.jpg,sad
229.jpg,uncertain
4180.jpg,neutral
3130.jpg,neutral
2898.jpg,neutral
4871.jpg,neutral
2985.jpg,surprise
2553.jpg,neutral
637.jpg,surprise
2093.jpg,contempt
2031.jpg,sad
1389.jpg,anger
3621.jpg,anger
2338.jpg,fear
2494.jpg,happy
3915.jpg,disgust
1760.jpg,contempt
1225.jpg,happy
3381.jpg,sad
4380.jpg,neutral
811.jpg,fear
1689.jpg,sad
939.jpg,sad
1073.jpg,uncertain
2537.jpg,neutral
4599.jpg,fear
4756.jpg,sad
1090.jpg,happy
1094.jpg,anger
3835.jpg,surprise
4008.jpg,sad
4221.jpg,fear
699.jpg,disgust
1126.jpg,surprise
1657.jpg,disgust
1242.jpg,sad
3678.jpg,happy
2062.jpg,surprise
4209.jpg,surprise
4387.jpg,anger
1346.jpg,happy
2729.jpg,surprise
2288.jpg,neutral
3427.jpg,happy
1164.jpg,surprise
1226.jpg,contempt
3209.jpg,anger
2622.jpg,contempt
2687.jpg,sad
67.jpg,happy
992.jpg,fear
2669.jpg,anger
2740.jpg,neutral
1088.jpg,surprise
4214.jpg,sad
4545.jpg,neutral
3693.jpg,happy
4313.jpg,neutral
2673.jpg,surprise
1774.jpg,surprise
695.jpg,contempt
2944.jpg,sad
2517.jpg,sad
3301.jpg,neutral
2479.jpg,fear
615.jpg,contempt
901.jpg,uncertain
3623.jpg,happy
1507.jpg,neutral
2060.jpg,disgust
3311.jpg,happy
1263.jpg,disgust
152.jpg,fear
806.jpg,surprise
275.jpg,sad
1903.jpg,neutral
2364.jpg,contempt
2420.jpg,neutral
2144.jpg,surprise
3294.jpg,anger
4869.jpg,disgust
4.jpg,contempt
3616.jpg,surprise
2069.jpg,anger
207.jpg,neutral
3259.jpg,happy
473.jpg,sad
3993.jpg,anger
3859.jpg,happy
2116.jpg,surprise
2496.jpg,sad
89.jpg,surprise
2442.jpg,neutral
403.jpg,sad
3666.jpg,sad
2188.jpg,sad
4675.jpg,disgust
3719.jpg,fear
56.jpg,disgust
3204.jpg,neutral
3777.jpg,neutral
4707.jpg,neutral
3500.jpg,surprise
99.jpg,anger
1733.jpg,happy
2466.jpg,happy
4065.jpg,surprise
1170.jpg,happy
3633.jpg,neutral
4762.jpg,contempt
3262.jpg,surprise
1850.jpg,fear
1587.jpg,uncertain
1255.jpg,neutral
3883.jpg,anger
2091.jpg,sad
907.jpg,anger
2645.jpg,neutral
188.jpg,anger
442.jpg,neutral
4569.jpg,fear
3063.jpg,anger
341.jpg,happy
1413.jpg,happy
3211.jpg,neutral
2269.jpg,anger
3640.jpg,neutral
1982.jpg,happy
4928.jpg,anger
2727.jpg,neutral
805.jpg,surprise
828.jpg,surprise
3648.jpg,happy
772.jpg,happy
29.jpg,anger
1209.jpg,neutral
4596.jpg,anger
3221.jpg,neutral
87.jpg,anger
542.jpg,fear
2905.jpg,neutral
506.jpg,fear
2557.jpg,neutral
850.jpg,fear
3323.jpg,happy
3763.jpg,neutral
2546.jpg,neutral
770.jpg,contempt
1324.jpg,happy
3489.jpg,happy
633.jpg,sad
3352.jpg,surprise
220.jpg,surprise
1775.jpg,happy
3989.jpg,happy
2083.jpg,contempt
697.jpg,surprise
4205.jpg,sad
1112.jpg,happy
3620.jpg,uncertain
2752.jpg,fear
4766.jpg,contempt
2241.jpg,neutral
4737.jpg,sad
2277.jpg,surprise
2328.jpg,surprise
321.jpg,sad
857.jpg,neutral
3424.jpg,neutral
4146.jpg,neutral
1937.jpg,neutral
625.jpg,neutral
2433.jpg,contempt
1591.jpg,uncertain
3309.jpg,sad
2367.jpg,happy
1376.jpg,happy
1144.jpg,neutral
2211.jpg,surprise
577.jpg,neutral
995.jpg,contempt
4691.jpg,neutral
367.jpg,anger
4499.jpg,happy
230.jpg,neutral
3488.jpg,happy
580.jpg,anger
1502.jpg,contempt
1052.jpg,neutral
2888.jpg,sad
2935.jpg,neutral
3886.jpg,contempt
4157.jpg,anger
2327.jpg,happy
3321.jpg,surprise
1624.jpg,neutral
1583.jpg,surprise
934.jpg,happy
2746.jpg,contempt
1770.jpg,fear
4291.jpg,happy
4999.jpg,contempt
575.jpg,disgust
2025.jpg,neutral
4005.jpg,anger
3991.jpg,neutral
124.jpg,happy
2601.jpg,happy
2094.jpg,surprise
2798.jpg,uncertain
350.jpg,neutral
3687.jpg,disgust
34.jpg,fear
2544.jpg,uncertain
2966.jpg,happy
1654.jpg,neutral
3399.jpg,neutral
4573.jpg,sad
1046.jpg,anger
4946.jpg,happy
4681.jpg,neutral
991.jpg,uncertain
1816.jpg,neutral
1253.jpg,happy
1504.jpg,neutral
892.jpg,uncertain
4034.jpg,uncertain
276.jpg,sad
3339.jpg,neutral
570.jpg,neutral
4613.jpg,neutral
1510.jpg,fear
177.jpg,neutral
2618.jpg,surprise
2273.jpg,neutral
1451.jpg,sad
807.jpg,uncertain
2879.jpg,sad
1178.jpg,happy
313.jpg,surprise
285.jpg,anger
35.jpg,neutral
3784.jpg,uncertain
2349.jpg,neutral
185.jpg,uncertain
1381.jpg,anger
2635.jpg,contempt
3020.jpg,contempt
3675.jpg,neutral
4587.jpg,disgust
1129.jpg,happy
1548.jpg,contempt
1989.jpg,sad
4940.jpg,neutral
489.jpg,anger
3996.jpg,happy
2770.jpg,neutral
1327.jpg,disgust
856.jpg,fear
4487.jpg,uncertain
1759.jpg,neutral
2451.jpg,neutral
3588.jpg,happy
900.jpg,neutral
4118.jpg,anger
2600.jpg,happy
1616.jpg,anger
1033.jpg,sad
2406.jpg,surprise
1578.jpg,happy
2843.jpg,fear
2290.jpg,anger
2449.jpg,anger
3138.jpg,anger
328.jpg,happy
3286.jpg,surprise
2860.jpg,disgust
4576.jpg,neutral
2625.jpg,uncertain
778.jpg,disgust
1522.jpg,anger
3113.jpg,anger
3185.jpg,anger
258.jpg,anger
740.jpg,neutral
4684.jpg,contempt
2461.jpg,happy
3419.jpg,disgust
2572.jpg,contempt
2809.jpg,contempt
1998.jpg,anger
2040.jpg,surprise
608.jpg,fear
2344.jpg,neutral
3249.jpg,contempt
2171.jpg,happy
211.jpg,contempt
4876.jpg,anger
3536.jpg,sad
2044.jpg,sad
490.jpg,contempt
4895.jpg,neutral
183.jpg,anger
2595.jpg,contempt
3004.jpg,neutral
4351.jpg,sad
4806.jpg,sad
1068.jpg,uncertain
2123.jpg,neutral
1162.jpg,fear
2604.jpg,sad
1921.jpg,happy
250.jpg,neutral
1590.jpg,disgust
2719.jpg,surprise
4486.jpg,anger
3744.jpg,neutral
618.jpg,anger
4874.jpg,neutral
1838.jpg,happy
2109.jpg,fear
1781.jpg,neutral
2840.jpg,neutral
2456.jpg,fear
3758.jpg,neutral
322.jpg,happy
4362.jpg,surprise
330.jpg,uncertain
2624.jpg,disgust
3202.jpg,sad
1995.jpg,neutral
2748.jpg,contempt
3194.jpg,happy
1158.jpg,surprise
867.jpg,neutral
3016.jpg,sad
1779.jpg,sad
4427.jpg,disgust
562.jpg,sad
4073.jpg,happy
3519.jpg,disgust
468.jpg,happy
4232.jpg,neutral
2854.jpg,sad
18.jpg,fear
3970.jpg,disgust
4593.jpg,fear
3953.jpg,uncertain
887.jpg,neutral
1917.jpg,sad
1534.jpg,contempt
4234.jpg,happy
3715.jpg,neutral
4048.jpg,fear
50.jpg,sad
227.jpg,neutral
8.jpg,happy
4395.jpg,surprise
964.jpg,anger
3126.jpg,happy
3345.jpg,happy
2883.jpg,happy
3636.jpg,contempt
665.jpg,neutral
3705.jpg,disgust
2925.jpg,happy
718.jpg,anger
4009.jpg,sad
107.jpg,sad
3178.jpg,anger
2911.jpg,disgust
926.jpg,fear
2916.jpg,neutral
3659.jpg,anger
4168.jpg,neutral
1719.jpg,sad
1087.jpg,anger
4955.jpg,contempt
1728.jpg,anger
1044.jpg,uncertain
2930.jpg,anger
4982.jpg,uncertain
4808.jpg,anger
2302.jpg,surprise
2350.jpg,neutral
1948.jpg,happy
4838.jpg,neutral
658.jpg,uncertain
3730.jpg,anger
2714.jpg,neutral
3509.jpg,neutral
4402.jpg,anger
2036.jpg,happy
2768.jpg,contempt
4174.jpg,neutral
1287.jpg,anger
2441.jpg,anger
4956.jpg,contempt
3410.jpg,happy
1394.jpg,neutral
1353.jpg,surprise
3073.jpg,happy
3463.jpg,contempt
848.jpg,anger
1984.jpg,happy
424.jpg,contempt
363.jpg,happy
1755.jpg,happy
4894.jpg,surprise
2919.jpg,sad
2866.jpg,surprise
3515.jpg,anger
1720.jpg,contempt
4646.jpg,happy
1788.jpg,contempt
4770.jpg,disgust
3844.jpg,neutral
431.jpg,neutral
2187.jpg,neutral
2084.jpg,sad
862.jpg,surprise
820.jpg,happy
1442.jpg,fear
2020.jpg,neutral
2152.jpg,anger
3573.jpg,happy
4383.jpg,surprise
620.jpg,fear
2918.jpg,uncertain
4207.jpg,contempt
3378.jpg,disgust
4191.jpg,anger
4022.jpg,happy
4621.jpg,contempt
1186.jpg,anger
415.jpg,surprise
4346.jpg,uncertain
1232.jpg,anger
4024.jpg,neutral
1479.jpg,surprise
449.jpg,disgust
2580.jpg,fear
1592.jpg,surprise
1222.jpg,sad
1520.jpg,neutral
4800.jpg,neutral
1716.jpg,contempt
2928.jpg,neutral
4633.jpg,anger
2979.jpg,surprise
295.jpg,anger
3124.jpg,surprise
3098.jpg,disgust
4240.jpg,contempt
2190.jpg,sad
4981.jpg,disgust
3495.jpg,happy
2251.jpg,neutral
4064.jpg,surprise
165.jpg,sad
4776.jpg,happy
76.jpg,fear
523.jpg,neutral
4252.jpg,anger
600.jpg,neutral
791.jpg,surprise
4349.jpg,surprise
1471.jpg,contempt
1528.jpg,neutral
826.jpg,happy
4688.jpg,neutral
4942.jpg,neutral
4172.jpg,happy
2087.jpg,sad
3411.jpg,neutral
1097.jpg,contempt
4872.jpg,surprise
1380.jpg,anger
4898.jpg,neutral
4217.jpg,happy
1869.jpg,uncertain
1319.jpg,neutral
2260.jpg,anger
4671.jpg,anger
397.jpg,surprise
1965.jpg,sad
543.jpg,neutral
3619.jpg,neutral
2079.jpg,neutral
898.jpg,neutral
4159.jpg,disgust
891.jpg,anger
812.jpg,anger
2340.jpg,neutral
3453.jpg,happy
1993.jpg,fear
2698.jpg,happy
2929.jpg,neutral
294.jpg,uncertain
2828.jpg,sad
2608.jpg,neutral
2943.jpg,sad
4782.jpg,neutral
119.jpg,happy
3692.jpg,disgust
846.jpg,happy
1421.jpg,sad
2206.jpg,neutral
4086.jpg,neutral
3774.jpg,sad
338.jpg,neutral
2760.jpg,neutral
2235.jpg,contempt
1219.jpg,sad
384.jpg,anger
1395.jpg,anger
4938.jpg,surprise
2814.jpg,sad
1476.jpg,neutral
3142.jpg,surprise
2240.jpg,neutral
4540.jpg,neutral
2665.jpg,sad
4863.jpg,disgust
3263.jpg,happy
303.jpg,fear
3273.jpg,fear
1470.jpg,neutral
104.jpg,anger
3449.jpg,surprise
1177.jpg,surprise
4040.jpg,happy
2362.jpg,happy
4588.jpg,neutral
450.jpg,anger
2382.jpg,sad
4433.jpg,neutral
3796.jpg,anger
2294.jpg,sad
534.jpg,sad
2120.jpg,neutral
1918.jpg,anger
4312.jpg,sad
2921.jpg,anger
2508.jpg,sad
4276.jpg,sad
1282.jpg,uncertain
3261.jpg,disgust
3009.jpg,anger
522.jpg,happy
262.jpg,anger
1125.jpg,disgust
2078.jpg,happy
2615.jpg,fear
4509.jpg,neutral
2889.jpg,anger
3385.jpg,happy
629.jpg,anger
212.jpg,sad
2283.jpg,neutral
1106.jpg,happy
1328.jpg,surprise
3067.jpg,neutral
1200.jpg,disgust
354.jpg,uncertain
264.jpg,sad
3045.jpg,contempt
2438.jpg,disgust
3230.jpg,happy
4858.jpg,disgust
688.jpg,surprise
1045.jpg,happy
2274.jpg,sad
1540.jpg,sad
3870.jpg,happy
2463.jpg,neutral
1131.jpg,surprise
1084.jpg,neutral
2102.jpg,neutral
2098.jpg,anger
3768.jpg,uncertain
2932.jpg,anger
1697.jpg,sad
4374.jpg,sad
3972.jpg,contempt
960.jpg,fear
2995.jpg,happy
4224.jpg,neutral
1778.jpg,surprise
4020.jpg,happy
4164.jpg,anger
47.jpg,neutral
261.jpg,happy
3437.jpg,contempt
1050.jpg,happy
667.jpg,sad
2138.jpg,uncertain
25.jpg,neutral
197.jpg,neutral
2351.jpg,neutral
1814.jpg,surprise
1446.jpg,neutral
349.jpg,happy
925.jpg,sad
2460.jpg,surprise
3237.jpg,anger
4864.jpg,contempt
3208.jpg,contempt
1606.jpg,sad
1492.jpg,fear
3977.jpg,anger
157.jpg,neutral
1945.jpg,neutral
4314.jpg,sad
4551.jpg,neutral
1032.jpg,neutral
2781.jpg,sad
3962.jpg,disgust
3417.jpg,sad
2771.jpg,anger
3257.jpg,surprise
917.jpg,disgust
4303.jpg,contempt
23.jpg,neutral
723.jpg,surprise
4825.jpg,disgust
55.jpg,contempt
4985.jpg,disgust
4847.jpg,sad
4810.jpg,neutral
4067.jpg,contempt
4476.jpg,uncertain
3547.jpg,surprise
2342.jpg,disgust
3925.jpg,anger
2149.jpg,contempt
3694.jpg,neutral
976.jpg,sad
1475.jpg,anger
2970.jpg,neutral
2369.jpg,anger
1636.jpg,uncertain
2931.jpg,surprise
3347.jpg,happy
3923.jpg,surprise
475.jpg,neutral
137.jpg,sad
4620.jpg,neutral
1800.jpg,anger
4803.jpg,sad
3834.jpg,surprise
2758.jpg,happy
463.jpg,neutral
710.jpg,surprise
5.jpg,anger
253.jpg,disgust
3576.jpg,neutral
1905.jpg,surprise
219.jpg,neutral
3408.jpg,neutral
1172.jpg,contempt
2493.jpg,sad
1560.jpg,sad
3013.jpg,neutral
2547.jpg,neutral
4268.jpg,anger
2872.jpg,disgust
2575.jpg,surprise
27.jpg,neutral
705.jpg,sad
2243.jpg,happy
2664.jpg,neutral
1202.jpg,anger
4116.jpg,neutral
4061.jpg,neutral
764.jpg,surprise
1714.jpg,happy
1913.jpg,surprise
4726.jpg,neutral
3701.jpg,happy
48.jpg,sad
3913.jpg,happy
2761.jpg,neutral
4689.jpg,surprise
1425.jpg,neutral
4814.jpg,sad
3649.jpg,happy
4950.jpg,disgust
1433.jpg,anger
2574.jpg,neutral
2875.jpg,fear
1894.jpg,anger
953.jpg,surprise
2784.jpg,neutral
4722.jpg,uncertain
33.jpg,surprise
2167.jpg,surprise
4279.jpg,uncertain
3079.jpg,anger
81.jpg,disgust
3590.jpg,happy
2205.jpg,surprise
1805.jpg,disgust
1683.jpg,neutral
2497.jpg,anger
689.jpg,anger
3274.jpg,disgust
2023.jpg,neutral
2331.jpg,uncertain
2064.jpg,sad
4988.jpg,surprise
3303.jpg,neutral
1118.jpg,anger
2139.jpg,neutral
3276.jpg,fear
1906.jpg,anger
215.jpg,contempt
2015.jpg,happy
4033.jpg,surprise
1629.jpg,neutral
421.jpg,neutral
3556.jpg,anger
1281.jpg,surprise
143.jpg,happy
4447.jpg,surprise
774.jpg,surprise
498.jpg,anger
3749.jpg,sad
685.jpg,neutral
666.jpg,uncertain
1500.jpg,happy
1246.jpg,neutral
75.jpg,happy
1043.jpg,surprise
3021.jpg,neutral
326.jpg,contempt
2998.jpg,neutral
547.jpg,surprise
3094.jpg,happy
3936.jpg,neutral
3358.jpg,happy
3477.jpg,surprise
1318.jpg,neutral
331.jpg,anger
1350.jpg,neutral
3134.jpg,uncertain
840.jpg,sad
591.jpg,disgust
4974.jpg,happy
1758.jpg,neutral
895.jpg,sad
921.jpg,anger
692.jpg,disgust
3052.jpg,neutral
2239.jpg,contempt
4513.jpg,happy
4817.jpg,happy
3577.jpg,surprise
59.jpg,anger
650.jpg,anger
110.jpg,anger
1626.jpg,anger
180.jpg,surprise
550.jpg,sad
2586.jpg,happy
1456.jpg,sad
1140.jpg,sad
1577.jpg,anger
2156.jpg,happy
1575.jpg,uncertain
1513.jpg,surprise
2080.jpg,sad
1524.jpg,surprise
1687.jpg,contempt
1091.jpg,fear
1466.jpg,happy
4973.jpg,neutral
566.jpg,anger
978.jpg,sad
4368.jpg,disgust
4203.jpg,contempt
4929.jpg,happy
179.jpg,surprise
3058.jpg,neutral
2525.jpg,happy
706.jpg,surprise
1523.jpg,neutral
2055.jpg,neutral
1827.jpg,contempt
610.jpg,neutral
4966.jpg,neutral
3153.jpg,sad
2684.jpg,disgust
4672.jpg,uncertain
1846.jpg,surprise
539.jpg,fear
4370.jpg,happy
1128.jpg,happy
1756.jpg,anger
3871.jpg,anger
3529.jpg,neutral
171.jpg,neutral
1301.jpg,fear
4585.jpg,neutral
1612.jpg,sad
2334.jpg,happy
4939.jpg,happy
263.jpg,surprise
3292.jpg,sad
2075.jpg,anger
2267.jpg,anger
3227.jpg,sad
2558.jpg,uncertain
2058.jpg,sad
3102.jpg,neutral
4097.jpg,uncertain
1893.jpg,happy
3625.jpg,happy
3785.jpg,anger
3689.jpg,anger
4096.jpg,contempt
1299.jpg,happy
402.jpg,contempt
2612.jpg,sad
1848.jpg,happy
1448.jpg,disgust
4605.jpg,contempt
919.jpg,neutral
3397.jpg,neutral
1283.jpg,surprise
1370.jpg,anger
4113.jpg,happy
4444.jpg,anger
4746.jpg,anger
4714.jpg,anger
3900.jpg,neutral
38.jpg,neutral
1861.jpg,happy
3396.jpg,contempt
3196.jpg,neutral
1119.jpg,surprise
1650.jpg,sad
3559.jpg,sad
894.jpg,uncertain
1258.jpg,surprise
2541.jpg,happy
1630.jpg,neutral
4372.jpg,contempt
1566.jpg,happy
391.jpg,uncertain
1749.jpg,happy
477.jpg,sad
2223.jpg,anger
2593.jpg,neutral
2170.jpg,sad
3069.jpg,surprise
1949.jpg,neutral
1280.jpg,neutral
1298.jpg,neutral
3115.jpg,surprise
4716.jpg,anger
1237.jpg,sad
4348.jpg,anger
3093.jpg,neutral
1665.jpg,happy
2180.jpg,surprise
2335.jpg,sad
3782.jpg,happy
4399.jpg,sad
2481.jpg,anger
3040.jpg,anger
2824.jpg,disgust
3535.jpg,neutral
555.jpg,anger
166.jpg,neutral
4460.jpg,anger
3677.jpg,anger
3955.jpg,contempt
4980.jpg,anger
1963.jpg,neutral
2492.jpg,sad
4795.jpg,neutral
1329.jpg,happy
4108.jpg,surprise
1833.jpg,anger
4978.jpg,surprise
161.jpg,sad
1491.jpg,anger
2848.jpg,neutral
3158.jpg,contempt
3271.jpg,anger
2019.jpg,anger
2561.jpg,sad
2679.jpg,neutral
4436.jpg,neutral
950.jpg,neutral
